[0.137s] DEBUG:colcon:Command line arguments: ['/usr/bin/colcon', 'build', '--symlink-install']
[0.137s] DEBUG:colcon:Parsed command line arguments: Namespace(allow_overriding=[], ament_cmake_args=None, base_paths=['.'], build_base='build', catkin_cmake_args=None, catkin_skip_building_tests=False, cmake_args=None, cmake_clean_cache=False, cmake_clean_first=False, cmake_force_configure=False, cmake_target=None, cmake_target_skip_unavailable=False, continue_on_error=False, event_handlers=None, executor='parallel', ignore_user_meta=False, install_base='install', log_base=None, log_level=None, main=<bound method BuildVerb.main of <colcon_core.verb.build.BuildVerb object at 0x7f5904ef1970>>, merge_install=False, metas=['./colcon.meta'], packages_above=None, packages_above_and_dependencies=None, packages_above_depth=None, packages_end=None, packages_ignore=None, packages_ignore_regex=None, packages_select=None, packages_select_build_failed=False, packages_select_by_dep=None, packages_select_regex=None, packages_select_test_failures=False, packages_skip=None, packages_skip_build_finished=False, packages_skip_by_dep=None, packages_skip_regex=None, packages_skip_test_passed=False, packages_skip_up_to=None, packages_start=None, packages_up_to=None, packages_up_to_regex=None, parallel_workers=16, paths=None, symlink_install=True, test_result_base=None, verb_extension=<colcon_core.verb.build.BuildVerb object at 0x7f5904ef1970>, verb_name='build', verb_parser=<colcon_defaults.argument_parser.defaults.DefaultArgumentsDecorator object at 0x7f5904ef1ee0>)
[0.244s] Level 1:colcon.colcon_core.package_discovery:discover_packages(colcon_meta) check parameters
[0.245s] Level 1:colcon.colcon_core.package_discovery:discover_packages(recursive) check parameters
[0.245s] Level 1:colcon.colcon_core.package_discovery:discover_packages(ignore) check parameters
[0.245s] Level 1:colcon.colcon_core.package_discovery:discover_packages(path) check parameters
[0.245s] Level 1:colcon.colcon_core.package_discovery:discover_packages(colcon_meta) discover
[0.245s] Level 1:colcon.colcon_core.package_discovery:discover_packages(recursive) discover
[0.245s] INFO:colcon.colcon_core.package_discovery:Crawling recursively for packages in '/home/prl/track_robot_ws'
[0.245s] Level 1:colcon.colcon_core.package_identification:_identify(.) by extensions ['ignore', 'ignore_ament_install']
[0.245s] Level 1:colcon.colcon_core.package_identification:_identify(.) by extension 'ignore'
[0.245s] Level 1:colcon.colcon_core.package_identification:_identify(.) by extension 'ignore_ament_install'
[0.245s] Level 1:colcon.colcon_core.package_identification:_identify(.) by extensions ['colcon_pkg']
[0.245s] Level 1:colcon.colcon_core.package_identification:_identify(.) by extension 'colcon_pkg'
[0.245s] Level 1:colcon.colcon_core.package_identification:_identify(.) by extensions ['colcon_meta']
[0.245s] Level 1:colcon.colcon_core.package_identification:_identify(.) by extension 'colcon_meta'
[0.245s] Level 1:colcon.colcon_core.package_identification:_identify(.) by extensions ['ros']
[0.245s] Level 1:colcon.colcon_core.package_identification:_identify(.) by extension 'ros'
[0.253s] Level 1:colcon.colcon_core.package_identification:_identify(.) by extensions ['cmake', 'python']
[0.253s] Level 1:colcon.colcon_core.package_identification:_identify(.) by extension 'cmake'
[0.253s] Level 1:colcon.colcon_core.package_identification:_identify(.) by extension 'python'
[0.253s] Level 1:colcon.colcon_core.package_identification:_identify(.) by extensions ['python_setup_py']
[0.253s] Level 1:colcon.colcon_core.package_identification:_identify(.) by extension 'python_setup_py'
[0.253s] Level 1:colcon.colcon_core.package_identification:_identify(build) by extensions ['ignore', 'ignore_ament_install']
[0.253s] Level 1:colcon.colcon_core.package_identification:_identify(build) by extension 'ignore'
[0.253s] Level 1:colcon.colcon_core.package_identification:_identify(build) ignored
[0.253s] Level 1:colcon.colcon_core.package_identification:_identify(install) by extensions ['ignore', 'ignore_ament_install']
[0.253s] Level 1:colcon.colcon_core.package_identification:_identify(install) by extension 'ignore'
[0.253s] Level 1:colcon.colcon_core.package_identification:_identify(install) ignored
[0.253s] Level 1:colcon.colcon_core.package_identification:_identify(log) by extensions ['ignore', 'ignore_ament_install']
[0.253s] Level 1:colcon.colcon_core.package_identification:_identify(log) by extension 'ignore'
[0.253s] Level 1:colcon.colcon_core.package_identification:_identify(log) ignored
[0.253s] Level 1:colcon.colcon_core.package_identification:_identify(src) by extensions ['ignore', 'ignore_ament_install']
[0.253s] Level 1:colcon.colcon_core.package_identification:_identify(src) by extension 'ignore'
[0.254s] Level 1:colcon.colcon_core.package_identification:_identify(src) by extension 'ignore_ament_install'
[0.254s] Level 1:colcon.colcon_core.package_identification:_identify(src) by extensions ['colcon_pkg']
[0.254s] Level 1:colcon.colcon_core.package_identification:_identify(src) by extension 'colcon_pkg'
[0.254s] Level 1:colcon.colcon_core.package_identification:_identify(src) by extensions ['colcon_meta']
[0.254s] Level 1:colcon.colcon_core.package_identification:_identify(src) by extension 'colcon_meta'
[0.254s] Level 1:colcon.colcon_core.package_identification:_identify(src) by extensions ['ros']
[0.254s] Level 1:colcon.colcon_core.package_identification:_identify(src) by extension 'ros'
[0.254s] Level 1:colcon.colcon_core.package_identification:_identify(src) by extensions ['cmake', 'python']
[0.254s] Level 1:colcon.colcon_core.package_identification:_identify(src) by extension 'cmake'
[0.254s] Level 1:colcon.colcon_core.package_identification:_identify(src) by extension 'python'
[0.254s] Level 1:colcon.colcon_core.package_identification:_identify(src) by extensions ['python_setup_py']
[0.254s] Level 1:colcon.colcon_core.package_identification:_identify(src) by extension 'python_setup_py'
[0.254s] Level 1:colcon.colcon_core.package_identification:_identify(src/third_party_ros) by extensions ['ignore', 'ignore_ament_install']
[0.254s] Level 1:colcon.colcon_core.package_identification:_identify(src/third_party_ros) by extension 'ignore'
[0.254s] Level 1:colcon.colcon_core.package_identification:_identify(src/third_party_ros) by extension 'ignore_ament_install'
[0.254s] Level 1:colcon.colcon_core.package_identification:_identify(src/third_party_ros) by extensions ['colcon_pkg']
[0.254s] Level 1:colcon.colcon_core.package_identification:_identify(src/third_party_ros) by extension 'colcon_pkg'
[0.254s] Level 1:colcon.colcon_core.package_identification:_identify(src/third_party_ros) by extensions ['colcon_meta']
[0.254s] Level 1:colcon.colcon_core.package_identification:_identify(src/third_party_ros) by extension 'colcon_meta'
[0.254s] Level 1:colcon.colcon_core.package_identification:_identify(src/third_party_ros) by extensions ['ros']
[0.254s] Level 1:colcon.colcon_core.package_identification:_identify(src/third_party_ros) by extension 'ros'
[0.254s] Level 1:colcon.colcon_core.package_identification:_identify(src/third_party_ros) by extensions ['cmake', 'python']
[0.254s] Level 1:colcon.colcon_core.package_identification:_identify(src/third_party_ros) by extension 'cmake'
[0.254s] Level 1:colcon.colcon_core.package_identification:_identify(src/third_party_ros) by extension 'python'
[0.254s] Level 1:colcon.colcon_core.package_identification:_identify(src/third_party_ros) by extensions ['python_setup_py']
[0.254s] Level 1:colcon.colcon_core.package_identification:_identify(src/third_party_ros) by extension 'python_setup_py'
[0.254s] Level 1:colcon.colcon_core.package_identification:_identify(src/third_party_ros/bunker_ros2) by extensions ['ignore', 'ignore_ament_install']
[0.255s] Level 1:colcon.colcon_core.package_identification:_identify(src/third_party_ros/bunker_ros2) by extension 'ignore'
[0.255s] Level 1:colcon.colcon_core.package_identification:_identify(src/third_party_ros/bunker_ros2) by extension 'ignore_ament_install'
[0.255s] Level 1:colcon.colcon_core.package_identification:_identify(src/third_party_ros/bunker_ros2) by extensions ['colcon_pkg']
[0.255s] Level 1:colcon.colcon_core.package_identification:_identify(src/third_party_ros/bunker_ros2) by extension 'colcon_pkg'
[0.255s] Level 1:colcon.colcon_core.package_identification:_identify(src/third_party_ros/bunker_ros2) by extensions ['colcon_meta']
[0.255s] Level 1:colcon.colcon_core.package_identification:_identify(src/third_party_ros/bunker_ros2) by extension 'colcon_meta'
[0.255s] Level 1:colcon.colcon_core.package_identification:_identify(src/third_party_ros/bunker_ros2) by extensions ['ros']
[0.255s] Level 1:colcon.colcon_core.package_identification:_identify(src/third_party_ros/bunker_ros2) by extension 'ros'
[0.255s] Level 1:colcon.colcon_core.package_identification:_identify(src/third_party_ros/bunker_ros2) by extensions ['cmake', 'python']
[0.255s] Level 1:colcon.colcon_core.package_identification:_identify(src/third_party_ros/bunker_ros2) by extension 'cmake'
[0.255s] Level 1:colcon.colcon_core.package_identification:_identify(src/third_party_ros/bunker_ros2) by extension 'python'
[0.255s] Level 1:colcon.colcon_core.package_identification:_identify(src/third_party_ros/bunker_ros2) by extensions ['python_setup_py']
[0.255s] Level 1:colcon.colcon_core.package_identification:_identify(src/third_party_ros/bunker_ros2) by extension 'python_setup_py'
[0.255s] Level 1:colcon.colcon_core.package_identification:_identify(src/third_party_ros/bunker_ros2/bunker_base) by extensions ['ignore', 'ignore_ament_install']
[0.255s] Level 1:colcon.colcon_core.package_identification:_identify(src/third_party_ros/bunker_ros2/bunker_base) by extension 'ignore'
[0.255s] Level 1:colcon.colcon_core.package_identification:_identify(src/third_party_ros/bunker_ros2/bunker_base) by extension 'ignore_ament_install'
[0.255s] Level 1:colcon.colcon_core.package_identification:_identify(src/third_party_ros/bunker_ros2/bunker_base) by extensions ['colcon_pkg']
[0.255s] Level 1:colcon.colcon_core.package_identification:_identify(src/third_party_ros/bunker_ros2/bunker_base) by extension 'colcon_pkg'
[0.255s] Level 1:colcon.colcon_core.package_identification:_identify(src/third_party_ros/bunker_ros2/bunker_base) by extensions ['colcon_meta']
[0.255s] Level 1:colcon.colcon_core.package_identification:_identify(src/third_party_ros/bunker_ros2/bunker_base) by extension 'colcon_meta'
[0.255s] Level 1:colcon.colcon_core.package_identification:_identify(src/third_party_ros/bunker_ros2/bunker_base) by extensions ['ros']
[0.255s] Level 1:colcon.colcon_core.package_identification:_identify(src/third_party_ros/bunker_ros2/bunker_base) by extension 'ros'
[0.258s] DEBUG:colcon.colcon_core.package_identification:Package 'src/third_party_ros/bunker_ros2/bunker_base' with type 'ros.ament_cmake' and name 'bunker_base'
[0.258s] Level 1:colcon.colcon_core.package_identification:_identify(src/third_party_ros/bunker_ros2/bunker_msgs) by extensions ['ignore', 'ignore_ament_install']
[0.258s] Level 1:colcon.colcon_core.package_identification:_identify(src/third_party_ros/bunker_ros2/bunker_msgs) by extension 'ignore'
[0.258s] Level 1:colcon.colcon_core.package_identification:_identify(src/third_party_ros/bunker_ros2/bunker_msgs) by extension 'ignore_ament_install'
[0.258s] Level 1:colcon.colcon_core.package_identification:_identify(src/third_party_ros/bunker_ros2/bunker_msgs) by extensions ['colcon_pkg']
[0.258s] Level 1:colcon.colcon_core.package_identification:_identify(src/third_party_ros/bunker_ros2/bunker_msgs) by extension 'colcon_pkg'
[0.258s] Level 1:colcon.colcon_core.package_identification:_identify(src/third_party_ros/bunker_ros2/bunker_msgs) by extensions ['colcon_meta']
[0.258s] Level 1:colcon.colcon_core.package_identification:_identify(src/third_party_ros/bunker_ros2/bunker_msgs) by extension 'colcon_meta'
[0.258s] Level 1:colcon.colcon_core.package_identification:_identify(src/third_party_ros/bunker_ros2/bunker_msgs) by extensions ['ros']
[0.258s] Level 1:colcon.colcon_core.package_identification:_identify(src/third_party_ros/bunker_ros2/bunker_msgs) by extension 'ros'
[0.258s] DEBUG:colcon.colcon_core.package_identification:Package 'src/third_party_ros/bunker_ros2/bunker_msgs' with type 'ros.ament_cmake' and name 'bunker_msgs'
[0.258s] Level 1:colcon.colcon_core.package_identification:_identify(src/third_party_ros/rslidar_ros2) by extensions ['ignore', 'ignore_ament_install']
[0.259s] Level 1:colcon.colcon_core.package_identification:_identify(src/third_party_ros/rslidar_ros2) by extension 'ignore'
[0.259s] Level 1:colcon.colcon_core.package_identification:_identify(src/third_party_ros/rslidar_ros2) by extension 'ignore_ament_install'
[0.259s] Level 1:colcon.colcon_core.package_identification:_identify(src/third_party_ros/rslidar_ros2) by extensions ['colcon_pkg']
[0.259s] Level 1:colcon.colcon_core.package_identification:_identify(src/third_party_ros/rslidar_ros2) by extension 'colcon_pkg'
[0.259s] Level 1:colcon.colcon_core.package_identification:_identify(src/third_party_ros/rslidar_ros2) by extensions ['colcon_meta']
[0.259s] Level 1:colcon.colcon_core.package_identification:_identify(src/third_party_ros/rslidar_ros2) by extension 'colcon_meta'
[0.259s] Level 1:colcon.colcon_core.package_identification:_identify(src/third_party_ros/rslidar_ros2) by extensions ['ros']
[0.259s] Level 1:colcon.colcon_core.package_identification:_identify(src/third_party_ros/rslidar_ros2) by extension 'ros'
[0.259s] Level 1:colcon.colcon_core.package_identification:_identify(src/third_party_ros/rslidar_ros2) by extensions ['cmake', 'python']
[0.259s] Level 1:colcon.colcon_core.package_identification:_identify(src/third_party_ros/rslidar_ros2) by extension 'cmake'
[0.259s] Level 1:colcon.colcon_core.package_identification:_identify(src/third_party_ros/rslidar_ros2) by extension 'python'
[0.259s] Level 1:colcon.colcon_core.package_identification:_identify(src/third_party_ros/rslidar_ros2) by extensions ['python_setup_py']
[0.259s] Level 1:colcon.colcon_core.package_identification:_identify(src/third_party_ros/rslidar_ros2) by extension 'python_setup_py'
[0.259s] Level 1:colcon.colcon_core.package_identification:_identify(src/third_party_ros/rslidar_ros2/rslidar_msg) by extensions ['ignore', 'ignore_ament_install']
[0.259s] Level 1:colcon.colcon_core.package_identification:_identify(src/third_party_ros/rslidar_ros2/rslidar_msg) by extension 'ignore'
[0.259s] Level 1:colcon.colcon_core.package_identification:_identify(src/third_party_ros/rslidar_ros2/rslidar_msg) by extension 'ignore_ament_install'
[0.259s] Level 1:colcon.colcon_core.package_identification:_identify(src/third_party_ros/rslidar_ros2/rslidar_msg) by extensions ['colcon_pkg']
[0.259s] Level 1:colcon.colcon_core.package_identification:_identify(src/third_party_ros/rslidar_ros2/rslidar_msg) by extension 'colcon_pkg'
[0.259s] Level 1:colcon.colcon_core.package_identification:_identify(src/third_party_ros/rslidar_ros2/rslidar_msg) by extensions ['colcon_meta']
[0.259s] Level 1:colcon.colcon_core.package_identification:_identify(src/third_party_ros/rslidar_ros2/rslidar_msg) by extension 'colcon_meta'
[0.259s] Level 1:colcon.colcon_core.package_identification:_identify(src/third_party_ros/rslidar_ros2/rslidar_msg) by extensions ['ros']
[0.259s] Level 1:colcon.colcon_core.package_identification:_identify(src/third_party_ros/rslidar_ros2/rslidar_msg) by extension 'ros'
[0.260s] DEBUG:colcon.colcon_core.package_identification:Package 'src/third_party_ros/rslidar_ros2/rslidar_msg' with type 'ros.ament_cmake' and name 'rslidar_msg'
[0.260s] Level 1:colcon.colcon_core.package_identification:_identify(src/third_party_ros/rslidar_ros2/rslidar_sdk) by extensions ['ignore', 'ignore_ament_install']
[0.260s] Level 1:colcon.colcon_core.package_identification:_identify(src/third_party_ros/rslidar_ros2/rslidar_sdk) by extension 'ignore'
[0.260s] Level 1:colcon.colcon_core.package_identification:_identify(src/third_party_ros/rslidar_ros2/rslidar_sdk) by extension 'ignore_ament_install'
[0.260s] Level 1:colcon.colcon_core.package_identification:_identify(src/third_party_ros/rslidar_ros2/rslidar_sdk) by extensions ['colcon_pkg']
[0.260s] Level 1:colcon.colcon_core.package_identification:_identify(src/third_party_ros/rslidar_ros2/rslidar_sdk) by extension 'colcon_pkg'
[0.260s] Level 1:colcon.colcon_core.package_identification:_identify(src/third_party_ros/rslidar_ros2/rslidar_sdk) by extensions ['colcon_meta']
[0.260s] Level 1:colcon.colcon_core.package_identification:_identify(src/third_party_ros/rslidar_ros2/rslidar_sdk) by extension 'colcon_meta'
[0.260s] Level 1:colcon.colcon_core.package_identification:_identify(src/third_party_ros/rslidar_ros2/rslidar_sdk) by extensions ['ros']
[0.260s] Level 1:colcon.colcon_core.package_identification:_identify(src/third_party_ros/rslidar_ros2/rslidar_sdk) by extension 'ros'
[0.265s] DEBUG:colcon.colcon_core.package_identification:Package 'src/third_party_ros/rslidar_ros2/rslidar_sdk' with type 'ros.ament_cmake' and name 'rslidar_sdk'
[0.265s] Level 1:colcon.colcon_core.package_identification:_identify(src/third_party_ros/ugv_sdk) by extensions ['ignore', 'ignore_ament_install']
[0.265s] Level 1:colcon.colcon_core.package_identification:_identify(src/third_party_ros/ugv_sdk) by extension 'ignore'
[0.265s] Level 1:colcon.colcon_core.package_identification:_identify(src/third_party_ros/ugv_sdk) by extension 'ignore_ament_install'
[0.265s] Level 1:colcon.colcon_core.package_identification:_identify(src/third_party_ros/ugv_sdk) by extensions ['colcon_pkg']
[0.265s] Level 1:colcon.colcon_core.package_identification:_identify(src/third_party_ros/ugv_sdk) by extension 'colcon_pkg'
[0.265s] Level 1:colcon.colcon_core.package_identification:_identify(src/third_party_ros/ugv_sdk) by extensions ['colcon_meta']
[0.265s] Level 1:colcon.colcon_core.package_identification:_identify(src/third_party_ros/ugv_sdk) by extension 'colcon_meta'
[0.265s] Level 1:colcon.colcon_core.package_identification:_identify(src/third_party_ros/ugv_sdk) by extensions ['ros']
[0.265s] Level 1:colcon.colcon_core.package_identification:_identify(src/third_party_ros/ugv_sdk) by extension 'ros'
[0.265s] DEBUG:colcon.colcon_core.package_identification:Package 'src/third_party_ros/ugv_sdk' with type 'ros.catkin' and name 'ugv_sdk'
[0.266s] Level 1:colcon.colcon_core.package_identification:_identify(src/track_robot) by extensions ['ignore', 'ignore_ament_install']
[0.266s] Level 1:colcon.colcon_core.package_identification:_identify(src/track_robot) by extension 'ignore'
[0.266s] Level 1:colcon.colcon_core.package_identification:_identify(src/track_robot) by extension 'ignore_ament_install'
[0.266s] Level 1:colcon.colcon_core.package_identification:_identify(src/track_robot) by extensions ['colcon_pkg']
[0.266s] Level 1:colcon.colcon_core.package_identification:_identify(src/track_robot) by extension 'colcon_pkg'
[0.266s] Level 1:colcon.colcon_core.package_identification:_identify(src/track_robot) by extensions ['colcon_meta']
[0.266s] Level 1:colcon.colcon_core.package_identification:_identify(src/track_robot) by extension 'colcon_meta'
[0.266s] Level 1:colcon.colcon_core.package_identification:_identify(src/track_robot) by extensions ['ros']
[0.266s] Level 1:colcon.colcon_core.package_identification:_identify(src/track_robot) by extension 'ros'
[0.266s] Level 1:colcon.colcon_core.package_identification:_identify(src/track_robot) by extensions ['cmake', 'python']
[0.266s] Level 1:colcon.colcon_core.package_identification:_identify(src/track_robot) by extension 'cmake'
[0.266s] Level 1:colcon.colcon_core.package_identification:_identify(src/track_robot) by extension 'python'
[0.266s] Level 1:colcon.colcon_core.package_identification:_identify(src/track_robot) by extensions ['python_setup_py']
[0.266s] Level 1:colcon.colcon_core.package_identification:_identify(src/track_robot) by extension 'python_setup_py'
[0.266s] Level 1:colcon.colcon_core.package_identification:_identify(src/track_robot/track_robot_bringup) by extensions ['ignore', 'ignore_ament_install']
[0.266s] Level 1:colcon.colcon_core.package_identification:_identify(src/track_robot/track_robot_bringup) by extension 'ignore'
[0.266s] Level 1:colcon.colcon_core.package_identification:_identify(src/track_robot/track_robot_bringup) by extension 'ignore_ament_install'
[0.266s] Level 1:colcon.colcon_core.package_identification:_identify(src/track_robot/track_robot_bringup) by extensions ['colcon_pkg']
[0.266s] Level 1:colcon.colcon_core.package_identification:_identify(src/track_robot/track_robot_bringup) by extension 'colcon_pkg'
[0.266s] Level 1:colcon.colcon_core.package_identification:_identify(src/track_robot/track_robot_bringup) by extensions ['colcon_meta']
[0.266s] Level 1:colcon.colcon_core.package_identification:_identify(src/track_robot/track_robot_bringup) by extension 'colcon_meta'
[0.266s] Level 1:colcon.colcon_core.package_identification:_identify(src/track_robot/track_robot_bringup) by extensions ['ros']
[0.266s] Level 1:colcon.colcon_core.package_identification:_identify(src/track_robot/track_robot_bringup) by extension 'ros'
[0.267s] DEBUG:colcon.colcon_core.package_identification:Package 'src/track_robot/track_robot_bringup' with type 'ros.ament_cmake' and name 'track_robot_bringup'
[0.267s] Level 1:colcon.colcon_core.package_identification:_identify(src/track_robot/track_robot_control) by extensions ['ignore', 'ignore_ament_install']
[0.267s] Level 1:colcon.colcon_core.package_identification:_identify(src/track_robot/track_robot_control) by extension 'ignore'
[0.267s] Level 1:colcon.colcon_core.package_identification:_identify(src/track_robot/track_robot_control) by extension 'ignore_ament_install'
[0.267s] Level 1:colcon.colcon_core.package_identification:_identify(src/track_robot/track_robot_control) by extensions ['colcon_pkg']
[0.267s] Level 1:colcon.colcon_core.package_identification:_identify(src/track_robot/track_robot_control) by extension 'colcon_pkg'
[0.267s] Level 1:colcon.colcon_core.package_identification:_identify(src/track_robot/track_robot_control) by extensions ['colcon_meta']
[0.267s] Level 1:colcon.colcon_core.package_identification:_identify(src/track_robot/track_robot_control) by extension 'colcon_meta'
[0.267s] Level 1:colcon.colcon_core.package_identification:_identify(src/track_robot/track_robot_control) by extensions ['ros']
[0.267s] Level 1:colcon.colcon_core.package_identification:_identify(src/track_robot/track_robot_control) by extension 'ros'
[0.268s] DEBUG:colcon.colcon_core.package_identification:Package 'src/track_robot/track_robot_control' with type 'ros.ament_cmake' and name 'track_robot_control'
[0.268s] Level 1:colcon.colcon_core.package_identification:_identify(src/track_robot/track_robot_drivers) by extensions ['ignore', 'ignore_ament_install']
[0.268s] Level 1:colcon.colcon_core.package_identification:_identify(src/track_robot/track_robot_drivers) by extension 'ignore'
[0.268s] Level 1:colcon.colcon_core.package_identification:_identify(src/track_robot/track_robot_drivers) by extension 'ignore_ament_install'
[0.268s] Level 1:colcon.colcon_core.package_identification:_identify(src/track_robot/track_robot_drivers) by extensions ['colcon_pkg']
[0.268s] Level 1:colcon.colcon_core.package_identification:_identify(src/track_robot/track_robot_drivers) by extension 'colcon_pkg'
[0.268s] Level 1:colcon.colcon_core.package_identification:_identify(src/track_robot/track_robot_drivers) by extensions ['colcon_meta']
[0.268s] Level 1:colcon.colcon_core.package_identification:_identify(src/track_robot/track_robot_drivers) by extension 'colcon_meta'
[0.268s] Level 1:colcon.colcon_core.package_identification:_identify(src/track_robot/track_robot_drivers) by extensions ['ros']
[0.268s] Level 1:colcon.colcon_core.package_identification:_identify(src/track_robot/track_robot_drivers) by extension 'ros'
[0.268s] DEBUG:colcon.colcon_core.package_identification:Package 'src/track_robot/track_robot_drivers' with type 'ros.ament_cmake' and name 'track_robot_drivers'
[0.269s] Level 1:colcon.colcon_core.package_identification:_identify(src/track_robot/track_robot_interfaces) by extensions ['ignore', 'ignore_ament_install']
[0.269s] Level 1:colcon.colcon_core.package_identification:_identify(src/track_robot/track_robot_interfaces) by extension 'ignore'
[0.269s] Level 1:colcon.colcon_core.package_identification:_identify(src/track_robot/track_robot_interfaces) by extension 'ignore_ament_install'
[0.269s] Level 1:colcon.colcon_core.package_identification:_identify(src/track_robot/track_robot_interfaces) by extensions ['colcon_pkg']
[0.269s] Level 1:colcon.colcon_core.package_identification:_identify(src/track_robot/track_robot_interfaces) by extension 'colcon_pkg'
[0.269s] Level 1:colcon.colcon_core.package_identification:_identify(src/track_robot/track_robot_interfaces) by extensions ['colcon_meta']
[0.269s] Level 1:colcon.colcon_core.package_identification:_identify(src/track_robot/track_robot_interfaces) by extension 'colcon_meta'
[0.269s] Level 1:colcon.colcon_core.package_identification:_identify(src/track_robot/track_robot_interfaces) by extensions ['ros']
[0.269s] Level 1:colcon.colcon_core.package_identification:_identify(src/track_robot/track_robot_interfaces) by extension 'ros'
[0.269s] DEBUG:colcon.colcon_core.package_identification:Package 'src/track_robot/track_robot_interfaces' with type 'ros.ament_cmake' and name 'track_robot_interfaces'
[0.269s] Level 1:colcon.colcon_core.package_identification:_identify(src/track_robot_core) by extensions ['ignore', 'ignore_ament_install']
[0.269s] Level 1:colcon.colcon_core.package_identification:_identify(src/track_robot_core) by extension 'ignore'
[0.269s] Level 1:colcon.colcon_core.package_identification:_identify(src/track_robot_core) by extension 'ignore_ament_install'
[0.269s] Level 1:colcon.colcon_core.package_identification:_identify(src/track_robot_core) by extensions ['colcon_pkg']
[0.269s] Level 1:colcon.colcon_core.package_identification:_identify(src/track_robot_core) by extension 'colcon_pkg'
[0.270s] Level 1:colcon.colcon_core.package_identification:_identify(src/track_robot_core) by extensions ['colcon_meta']
[0.270s] Level 1:colcon.colcon_core.package_identification:_identify(src/track_robot_core) by extension 'colcon_meta'
[0.270s] Level 1:colcon.colcon_core.package_identification:_identify(src/track_robot_core) by extensions ['ros']
[0.270s] Level 1:colcon.colcon_core.package_identification:_identify(src/track_robot_core) by extension 'ros'
[0.270s] DEBUG:colcon.colcon_core.package_identification:Package 'src/track_robot_core' with type 'ros.ament_cmake' and name 'track_robot_core'
[0.270s] Level 1:colcon.colcon_core.package_identification:_identify(src/track_robot_teleop) by extensions ['ignore', 'ignore_ament_install']
[0.270s] Level 1:colcon.colcon_core.package_identification:_identify(src/track_robot_teleop) by extension 'ignore'
[0.270s] Level 1:colcon.colcon_core.package_identification:_identify(src/track_robot_teleop) by extension 'ignore_ament_install'
[0.270s] Level 1:colcon.colcon_core.package_identification:_identify(src/track_robot_teleop) by extensions ['colcon_pkg']
[0.270s] Level 1:colcon.colcon_core.package_identification:_identify(src/track_robot_teleop) by extension 'colcon_pkg'
[0.270s] Level 1:colcon.colcon_core.package_identification:_identify(src/track_robot_teleop) by extensions ['colcon_meta']
[0.270s] Level 1:colcon.colcon_core.package_identification:_identify(src/track_robot_teleop) by extension 'colcon_meta'
[0.270s] Level 1:colcon.colcon_core.package_identification:_identify(src/track_robot_teleop) by extensions ['ros']
[0.271s] Level 1:colcon.colcon_core.package_identification:_identify(src/track_robot_teleop) by extension 'ros'
[0.271s] DEBUG:colcon.colcon_core.package_identification:Package 'src/track_robot_teleop' with type 'ros.ament_python' and name 'track_robot_teleop'
[0.271s] Level 1:colcon.colcon_core.package_discovery:discover_packages(recursive) using defaults
[0.271s] Level 1:colcon.colcon_core.package_discovery:discover_packages(ignore) discover
[0.271s] Level 1:colcon.colcon_core.package_discovery:discover_packages(ignore) using defaults
[0.271s] Level 1:colcon.colcon_core.package_discovery:discover_packages(path) discover
[0.271s] Level 1:colcon.colcon_core.package_discovery:discover_packages(path) using defaults
[0.289s] Level 1:colcon.colcon_core.package_discovery:discover_packages(prefix_path) check parameters
[0.289s] Level 1:colcon.colcon_core.package_discovery:discover_packages(prefix_path) discover
[0.289s] WARNING:colcon.colcon_ros.prefix_path.ament:The path '/home/prl/track_robot_ws/install/bunker_base' in the environment variable AMENT_PREFIX_PATH doesn't exist
[0.289s] WARNING:colcon.colcon_ros.prefix_path.ament:The path '/home/prl/track_robot_ws/install/track_robot_teleop' in the environment variable AMENT_PREFIX_PATH doesn't exist
[0.289s] WARNING:colcon.colcon_ros.prefix_path.ament:The path '/home/prl/track_robot_ws/install/track_robot_control' in the environment variable AMENT_PREFIX_PATH doesn't exist
[0.289s] WARNING:colcon.colcon_ros.prefix_path.ament:The path '/home/prl/track_robot_ws/install/track_robot_interfaces' in the environment variable AMENT_PREFIX_PATH doesn't exist
[0.289s] WARNING:colcon.colcon_ros.prefix_path.ament:The path '/home/prl/track_robot_ws/install/track_robot_drivers' in the environment variable AMENT_PREFIX_PATH doesn't exist
[0.289s] WARNING:colcon.colcon_ros.prefix_path.ament:The path '/home/prl/track_robot_ws/install/track_robot_core' in the environment variable AMENT_PREFIX_PATH doesn't exist
[0.289s] WARNING:colcon.colcon_ros.prefix_path.ament:The path '/home/prl/track_robot_ws/install/track_robot_bringup' in the environment variable AMENT_PREFIX_PATH doesn't exist
[0.290s] WARNING:colcon.colcon_ros.prefix_path.ament:The path '/home/prl/track_robot_ws/install/rslidar_sdk' in the environment variable AMENT_PREFIX_PATH doesn't exist
[0.290s] WARNING:colcon.colcon_ros.prefix_path.ament:The path '/home/prl/track_robot_ws/install/rslidar_msg' in the environment variable AMENT_PREFIX_PATH doesn't exist
[0.290s] WARNING:colcon.colcon_ros.prefix_path.ament:The path '/home/prl/track_robot_ws/install/bunker_msgs' in the environment variable AMENT_PREFIX_PATH doesn't exist
[0.290s] WARNING:colcon.colcon_ros.prefix_path.catkin:The path '/home/prl/track_robot_ws/install/bunker_base' in the environment variable CMAKE_PREFIX_PATH doesn't exist
[0.290s] WARNING:colcon.colcon_ros.prefix_path.catkin:The path '/home/prl/track_robot_ws/install/ugv_sdk' in the environment variable CMAKE_PREFIX_PATH doesn't exist
[0.290s] WARNING:colcon.colcon_ros.prefix_path.catkin:The path '/home/prl/track_robot_ws/install/track_robot_control' in the environment variable CMAKE_PREFIX_PATH doesn't exist
[0.290s] WARNING:colcon.colcon_ros.prefix_path.catkin:The path '/home/prl/track_robot_ws/install/track_robot_interfaces' in the environment variable CMAKE_PREFIX_PATH doesn't exist
[0.290s] WARNING:colcon.colcon_ros.prefix_path.catkin:The path '/home/prl/track_robot_ws/install/track_robot_drivers' in the environment variable CMAKE_PREFIX_PATH doesn't exist
[0.290s] WARNING:colcon.colcon_ros.prefix_path.catkin:The path '/home/prl/track_robot_ws/install/track_robot_core' in the environment variable CMAKE_PREFIX_PATH doesn't exist
[0.290s] WARNING:colcon.colcon_ros.prefix_path.catkin:The path '/home/prl/track_robot_ws/install/track_robot_bringup' in the environment variable CMAKE_PREFIX_PATH doesn't exist
[0.290s] WARNING:colcon.colcon_ros.prefix_path.catkin:The path '/home/prl/track_robot_ws/install/rslidar_sdk' in the environment variable CMAKE_PREFIX_PATH doesn't exist
[0.290s] WARNING:colcon.colcon_ros.prefix_path.catkin:The path '/home/prl/track_robot_ws/install/rslidar_msg' in the environment variable CMAKE_PREFIX_PATH doesn't exist
[0.290s] WARNING:colcon.colcon_ros.prefix_path.catkin:The path '/home/prl/track_robot_ws/install/bunker_msgs' in the environment variable CMAKE_PREFIX_PATH doesn't exist
[0.291s] DEBUG:colcon.colcon_installed_package_information.package_discovery:Found 0 installed packages in /home/prl/track_robot_ws/install
[0.291s] DEBUG:colcon.colcon_installed_package_information.package_discovery:Found 256 installed packages in /opt/ros/foxy
[0.292s] Level 1:colcon.colcon_core.package_discovery:discover_packages(prefix_path) using defaults
[0.342s] Level 5:colcon.colcon_core.verb:set package 'bunker_msgs' build argument 'cmake_args' from command line to 'None'
[0.342s] Level 5:colcon.colcon_core.verb:set package 'bunker_msgs' build argument 'cmake_target' from command line to 'None'
[0.342s] Level 5:colcon.colcon_core.verb:set package 'bunker_msgs' build argument 'cmake_target_skip_unavailable' from command line to 'False'
[0.342s] Level 5:colcon.colcon_core.verb:set package 'bunker_msgs' build argument 'cmake_clean_cache' from command line to 'False'
[0.342s] Level 5:colcon.colcon_core.verb:set package 'bunker_msgs' build argument 'cmake_clean_first' from command line to 'False'
[0.342s] Level 5:colcon.colcon_core.verb:set package 'bunker_msgs' build argument 'cmake_force_configure' from command line to 'False'
[0.342s] Level 5:colcon.colcon_core.verb:set package 'bunker_msgs' build argument 'ament_cmake_args' from command line to 'None'
[0.342s] Level 5:colcon.colcon_core.verb:set package 'bunker_msgs' build argument 'catkin_cmake_args' from command line to 'None'
[0.342s] Level 5:colcon.colcon_core.verb:set package 'bunker_msgs' build argument 'catkin_skip_building_tests' from command line to 'False'
[0.342s] DEBUG:colcon.colcon_core.verb:Building package 'bunker_msgs' with the following arguments: {'ament_cmake_args': None, 'build_base': '/home/prl/track_robot_ws/build/bunker_msgs', 'catkin_cmake_args': None, 'catkin_skip_building_tests': False, 'cmake_args': None, 'cmake_clean_cache': False, 'cmake_clean_first': False, 'cmake_force_configure': False, 'cmake_target': None, 'cmake_target_skip_unavailable': False, 'install_base': '/home/prl/track_robot_ws/install/bunker_msgs', 'merge_install': False, 'path': '/home/prl/track_robot_ws/src/third_party_ros/bunker_ros2/bunker_msgs', 'symlink_install': True, 'test_result_base': None}
[0.343s] Level 5:colcon.colcon_core.verb:set package 'rslidar_msg' build argument 'cmake_args' from command line to 'None'
[0.343s] Level 5:colcon.colcon_core.verb:set package 'rslidar_msg' build argument 'cmake_target' from command line to 'None'
[0.343s] Level 5:colcon.colcon_core.verb:set package 'rslidar_msg' build argument 'cmake_target_skip_unavailable' from command line to 'False'
[0.343s] Level 5:colcon.colcon_core.verb:set package 'rslidar_msg' build argument 'cmake_clean_cache' from command line to 'False'
[0.343s] Level 5:colcon.colcon_core.verb:set package 'rslidar_msg' build argument 'cmake_clean_first' from command line to 'False'
[0.343s] Level 5:colcon.colcon_core.verb:set package 'rslidar_msg' build argument 'cmake_force_configure' from command line to 'False'
[0.343s] Level 5:colcon.colcon_core.verb:set package 'rslidar_msg' build argument 'ament_cmake_args' from command line to 'None'
[0.343s] Level 5:colcon.colcon_core.verb:set package 'rslidar_msg' build argument 'catkin_cmake_args' from command line to 'None'
[0.343s] Level 5:colcon.colcon_core.verb:set package 'rslidar_msg' build argument 'catkin_skip_building_tests' from command line to 'False'
[0.343s] DEBUG:colcon.colcon_core.verb:Building package 'rslidar_msg' with the following arguments: {'ament_cmake_args': None, 'build_base': '/home/prl/track_robot_ws/build/rslidar_msg', 'catkin_cmake_args': None, 'catkin_skip_building_tests': False, 'cmake_args': None, 'cmake_clean_cache': False, 'cmake_clean_first': False, 'cmake_force_configure': False, 'cmake_target': None, 'cmake_target_skip_unavailable': False, 'install_base': '/home/prl/track_robot_ws/install/rslidar_msg', 'merge_install': False, 'path': '/home/prl/track_robot_ws/src/third_party_ros/rslidar_ros2/rslidar_msg', 'symlink_install': True, 'test_result_base': None}
[0.343s] Level 5:colcon.colcon_core.verb:set package 'track_robot_bringup' build argument 'cmake_args' from command line to 'None'
[0.343s] Level 5:colcon.colcon_core.verb:set package 'track_robot_bringup' build argument 'cmake_target' from command line to 'None'
[0.343s] Level 5:colcon.colcon_core.verb:set package 'track_robot_bringup' build argument 'cmake_target_skip_unavailable' from command line to 'False'
[0.343s] Level 5:colcon.colcon_core.verb:set package 'track_robot_bringup' build argument 'cmake_clean_cache' from command line to 'False'
[0.343s] Level 5:colcon.colcon_core.verb:set package 'track_robot_bringup' build argument 'cmake_clean_first' from command line to 'False'
[0.343s] Level 5:colcon.colcon_core.verb:set package 'track_robot_bringup' build argument 'cmake_force_configure' from command line to 'False'
[0.343s] Level 5:colcon.colcon_core.verb:set package 'track_robot_bringup' build argument 'ament_cmake_args' from command line to 'None'
[0.343s] Level 5:colcon.colcon_core.verb:set package 'track_robot_bringup' build argument 'catkin_cmake_args' from command line to 'None'
[0.343s] Level 5:colcon.colcon_core.verb:set package 'track_robot_bringup' build argument 'catkin_skip_building_tests' from command line to 'False'
[0.343s] DEBUG:colcon.colcon_core.verb:Building package 'track_robot_bringup' with the following arguments: {'ament_cmake_args': None, 'build_base': '/home/prl/track_robot_ws/build/track_robot_bringup', 'catkin_cmake_args': None, 'catkin_skip_building_tests': False, 'cmake_args': None, 'cmake_clean_cache': False, 'cmake_clean_first': False, 'cmake_force_configure': False, 'cmake_target': None, 'cmake_target_skip_unavailable': False, 'install_base': '/home/prl/track_robot_ws/install/track_robot_bringup', 'merge_install': False, 'path': '/home/prl/track_robot_ws/src/track_robot/track_robot_bringup', 'symlink_install': True, 'test_result_base': None}
[0.344s] Level 5:colcon.colcon_core.verb:set package 'track_robot_core' build argument 'cmake_args' from command line to 'None'
[0.344s] Level 5:colcon.colcon_core.verb:set package 'track_robot_core' build argument 'cmake_target' from command line to 'None'
[0.344s] Level 5:colcon.colcon_core.verb:set package 'track_robot_core' build argument 'cmake_target_skip_unavailable' from command line to 'False'
[0.344s] Level 5:colcon.colcon_core.verb:set package 'track_robot_core' build argument 'cmake_clean_cache' from command line to 'False'
[0.344s] Level 5:colcon.colcon_core.verb:set package 'track_robot_core' build argument 'cmake_clean_first' from command line to 'False'
[0.344s] Level 5:colcon.colcon_core.verb:set package 'track_robot_core' build argument 'cmake_force_configure' from command line to 'False'
[0.344s] Level 5:colcon.colcon_core.verb:set package 'track_robot_core' build argument 'ament_cmake_args' from command line to 'None'
[0.344s] Level 5:colcon.colcon_core.verb:set package 'track_robot_core' build argument 'catkin_cmake_args' from command line to 'None'
[0.344s] Level 5:colcon.colcon_core.verb:set package 'track_robot_core' build argument 'catkin_skip_building_tests' from command line to 'False'
[0.344s] DEBUG:colcon.colcon_core.verb:Building package 'track_robot_core' with the following arguments: {'ament_cmake_args': None, 'build_base': '/home/prl/track_robot_ws/build/track_robot_core', 'catkin_cmake_args': None, 'catkin_skip_building_tests': False, 'cmake_args': None, 'cmake_clean_cache': False, 'cmake_clean_first': False, 'cmake_force_configure': False, 'cmake_target': None, 'cmake_target_skip_unavailable': False, 'install_base': '/home/prl/track_robot_ws/install/track_robot_core', 'merge_install': False, 'path': '/home/prl/track_robot_ws/src/track_robot_core', 'symlink_install': True, 'test_result_base': None}
[0.344s] Level 5:colcon.colcon_core.verb:set package 'track_robot_drivers' build argument 'cmake_args' from command line to 'None'
[0.344s] Level 5:colcon.colcon_core.verb:set package 'track_robot_drivers' build argument 'cmake_target' from command line to 'None'
[0.344s] Level 5:colcon.colcon_core.verb:set package 'track_robot_drivers' build argument 'cmake_target_skip_unavailable' from command line to 'False'
[0.344s] Level 5:colcon.colcon_core.verb:set package 'track_robot_drivers' build argument 'cmake_clean_cache' from command line to 'False'
[0.344s] Level 5:colcon.colcon_core.verb:set package 'track_robot_drivers' build argument 'cmake_clean_first' from command line to 'False'
[0.344s] Level 5:colcon.colcon_core.verb:set package 'track_robot_drivers' build argument 'cmake_force_configure' from command line to 'False'
[0.344s] Level 5:colcon.colcon_core.verb:set package 'track_robot_drivers' build argument 'ament_cmake_args' from command line to 'None'
[0.344s] Level 5:colcon.colcon_core.verb:set package 'track_robot_drivers' build argument 'catkin_cmake_args' from command line to 'None'
[0.344s] Level 5:colcon.colcon_core.verb:set package 'track_robot_drivers' build argument 'catkin_skip_building_tests' from command line to 'False'
[0.344s] DEBUG:colcon.colcon_core.verb:Building package 'track_robot_drivers' with the following arguments: {'ament_cmake_args': None, 'build_base': '/home/prl/track_robot_ws/build/track_robot_drivers', 'catkin_cmake_args': None, 'catkin_skip_building_tests': False, 'cmake_args': None, 'cmake_clean_cache': False, 'cmake_clean_first': False, 'cmake_force_configure': False, 'cmake_target': None, 'cmake_target_skip_unavailable': False, 'install_base': '/home/prl/track_robot_ws/install/track_robot_drivers', 'merge_install': False, 'path': '/home/prl/track_robot_ws/src/track_robot/track_robot_drivers', 'symlink_install': True, 'test_result_base': None}
[0.345s] Level 5:colcon.colcon_core.verb:set package 'track_robot_interfaces' build argument 'cmake_args' from command line to 'None'
[0.345s] Level 5:colcon.colcon_core.verb:set package 'track_robot_interfaces' build argument 'cmake_target' from command line to 'None'
[0.345s] Level 5:colcon.colcon_core.verb:set package 'track_robot_interfaces' build argument 'cmake_target_skip_unavailable' from command line to 'False'
[0.345s] Level 5:colcon.colcon_core.verb:set package 'track_robot_interfaces' build argument 'cmake_clean_cache' from command line to 'False'
[0.345s] Level 5:colcon.colcon_core.verb:set package 'track_robot_interfaces' build argument 'cmake_clean_first' from command line to 'False'
[0.345s] Level 5:colcon.colcon_core.verb:set package 'track_robot_interfaces' build argument 'cmake_force_configure' from command line to 'False'
[0.345s] Level 5:colcon.colcon_core.verb:set package 'track_robot_interfaces' build argument 'ament_cmake_args' from command line to 'None'
[0.345s] Level 5:colcon.colcon_core.verb:set package 'track_robot_interfaces' build argument 'catkin_cmake_args' from command line to 'None'
[0.345s] Level 5:colcon.colcon_core.verb:set package 'track_robot_interfaces' build argument 'catkin_skip_building_tests' from command line to 'False'
[0.345s] DEBUG:colcon.colcon_core.verb:Building package 'track_robot_interfaces' with the following arguments: {'ament_cmake_args': None, 'build_base': '/home/prl/track_robot_ws/build/track_robot_interfaces', 'catkin_cmake_args': None, 'catkin_skip_building_tests': False, 'cmake_args': None, 'cmake_clean_cache': False, 'cmake_clean_first': False, 'cmake_force_configure': False, 'cmake_target': None, 'cmake_target_skip_unavailable': False, 'install_base': '/home/prl/track_robot_ws/install/track_robot_interfaces', 'merge_install': False, 'path': '/home/prl/track_robot_ws/src/track_robot/track_robot_interfaces', 'symlink_install': True, 'test_result_base': None}
[0.345s] Level 5:colcon.colcon_core.verb:set package 'track_robot_teleop' build argument 'cmake_args' from command line to 'None'
[0.345s] Level 5:colcon.colcon_core.verb:set package 'track_robot_teleop' build argument 'cmake_target' from command line to 'None'
[0.345s] Level 5:colcon.colcon_core.verb:set package 'track_robot_teleop' build argument 'cmake_target_skip_unavailable' from command line to 'False'
[0.345s] Level 5:colcon.colcon_core.verb:set package 'track_robot_teleop' build argument 'cmake_clean_cache' from command line to 'False'
[0.345s] Level 5:colcon.colcon_core.verb:set package 'track_robot_teleop' build argument 'cmake_clean_first' from command line to 'False'
[0.345s] Level 5:colcon.colcon_core.verb:set package 'track_robot_teleop' build argument 'cmake_force_configure' from command line to 'False'
[0.345s] Level 5:colcon.colcon_core.verb:set package 'track_robot_teleop' build argument 'ament_cmake_args' from command line to 'None'
[0.345s] Level 5:colcon.colcon_core.verb:set package 'track_robot_teleop' build argument 'catkin_cmake_args' from command line to 'None'
[0.345s] Level 5:colcon.colcon_core.verb:set package 'track_robot_teleop' build argument 'catkin_skip_building_tests' from command line to 'False'
[0.345s] DEBUG:colcon.colcon_core.verb:Building package 'track_robot_teleop' with the following arguments: {'ament_cmake_args': None, 'build_base': '/home/prl/track_robot_ws/build/track_robot_teleop', 'catkin_cmake_args': None, 'catkin_skip_building_tests': False, 'cmake_args': None, 'cmake_clean_cache': False, 'cmake_clean_first': False, 'cmake_force_configure': False, 'cmake_target': None, 'cmake_target_skip_unavailable': False, 'install_base': '/home/prl/track_robot_ws/install/track_robot_teleop', 'merge_install': False, 'path': '/home/prl/track_robot_ws/src/track_robot_teleop', 'symlink_install': True, 'test_result_base': None}
[0.345s] Level 5:colcon.colcon_core.verb:set package 'ugv_sdk' build argument 'cmake_args' from command line to 'None'
[0.345s] Level 5:colcon.colcon_core.verb:set package 'ugv_sdk' build argument 'cmake_target' from command line to 'None'
[0.345s] Level 5:colcon.colcon_core.verb:set package 'ugv_sdk' build argument 'cmake_target_skip_unavailable' from command line to 'False'
[0.345s] Level 5:colcon.colcon_core.verb:set package 'ugv_sdk' build argument 'cmake_clean_cache' from command line to 'False'
[0.345s] Level 5:colcon.colcon_core.verb:set package 'ugv_sdk' build argument 'cmake_clean_first' from command line to 'False'
[0.345s] Level 5:colcon.colcon_core.verb:set package 'ugv_sdk' build argument 'cmake_force_configure' from command line to 'False'
[0.345s] Level 5:colcon.colcon_core.verb:set package 'ugv_sdk' build argument 'ament_cmake_args' from command line to 'None'
[0.346s] Level 5:colcon.colcon_core.verb:set package 'ugv_sdk' build argument 'catkin_cmake_args' from command line to 'None'
[0.346s] Level 5:colcon.colcon_core.verb:set package 'ugv_sdk' build argument 'catkin_skip_building_tests' from command line to 'False'
[0.346s] DEBUG:colcon.colcon_core.verb:Building package 'ugv_sdk' with the following arguments: {'ament_cmake_args': None, 'build_base': '/home/prl/track_robot_ws/build/ugv_sdk', 'catkin_cmake_args': None, 'catkin_skip_building_tests': False, 'cmake_args': None, 'cmake_clean_cache': False, 'cmake_clean_first': False, 'cmake_force_configure': False, 'cmake_target': None, 'cmake_target_skip_unavailable': False, 'install_base': '/home/prl/track_robot_ws/install/ugv_sdk', 'merge_install': False, 'path': '/home/prl/track_robot_ws/src/third_party_ros/ugv_sdk', 'symlink_install': True, 'test_result_base': None}
[0.346s] Level 5:colcon.colcon_core.verb:set package 'bunker_base' build argument 'cmake_args' from command line to 'None'
[0.346s] Level 5:colcon.colcon_core.verb:set package 'bunker_base' build argument 'cmake_target' from command line to 'None'
[0.346s] Level 5:colcon.colcon_core.verb:set package 'bunker_base' build argument 'cmake_target_skip_unavailable' from command line to 'False'
[0.346s] Level 5:colcon.colcon_core.verb:set package 'bunker_base' build argument 'cmake_clean_cache' from command line to 'False'
[0.346s] Level 5:colcon.colcon_core.verb:set package 'bunker_base' build argument 'cmake_clean_first' from command line to 'False'
[0.346s] Level 5:colcon.colcon_core.verb:set package 'bunker_base' build argument 'cmake_force_configure' from command line to 'False'
[0.346s] Level 5:colcon.colcon_core.verb:set package 'bunker_base' build argument 'ament_cmake_args' from command line to 'None'
[0.346s] Level 5:colcon.colcon_core.verb:set package 'bunker_base' build argument 'catkin_cmake_args' from command line to 'None'
[0.346s] Level 5:colcon.colcon_core.verb:set package 'bunker_base' build argument 'catkin_skip_building_tests' from command line to 'False'
[0.346s] DEBUG:colcon.colcon_core.verb:Building package 'bunker_base' with the following arguments: {'ament_cmake_args': None, 'build_base': '/home/prl/track_robot_ws/build/bunker_base', 'catkin_cmake_args': None, 'catkin_skip_building_tests': False, 'cmake_args': None, 'cmake_clean_cache': False, 'cmake_clean_first': False, 'cmake_force_configure': False, 'cmake_target': None, 'cmake_target_skip_unavailable': False, 'install_base': '/home/prl/track_robot_ws/install/bunker_base', 'merge_install': False, 'path': '/home/prl/track_robot_ws/src/third_party_ros/bunker_ros2/bunker_base', 'symlink_install': True, 'test_result_base': None}
[0.346s] Level 5:colcon.colcon_core.verb:set package 'rslidar_sdk' build argument 'cmake_args' from command line to 'None'
[0.346s] Level 5:colcon.colcon_core.verb:set package 'rslidar_sdk' build argument 'cmake_target' from command line to 'None'
[0.346s] Level 5:colcon.colcon_core.verb:set package 'rslidar_sdk' build argument 'cmake_target_skip_unavailable' from command line to 'False'
[0.346s] Level 5:colcon.colcon_core.verb:set package 'rslidar_sdk' build argument 'cmake_clean_cache' from command line to 'False'
[0.346s] Level 5:colcon.colcon_core.verb:set package 'rslidar_sdk' build argument 'cmake_clean_first' from command line to 'False'
[0.346s] Level 5:colcon.colcon_core.verb:set package 'rslidar_sdk' build argument 'cmake_force_configure' from command line to 'False'
[0.346s] Level 5:colcon.colcon_core.verb:set package 'rslidar_sdk' build argument 'ament_cmake_args' from command line to 'None'
[0.346s] Level 5:colcon.colcon_core.verb:set package 'rslidar_sdk' build argument 'catkin_cmake_args' from command line to 'None'
[0.346s] Level 5:colcon.colcon_core.verb:set package 'rslidar_sdk' build argument 'catkin_skip_building_tests' from command line to 'False'
[0.346s] DEBUG:colcon.colcon_core.verb:Building package 'rslidar_sdk' with the following arguments: {'ament_cmake_args': None, 'build_base': '/home/prl/track_robot_ws/build/rslidar_sdk', 'catkin_cmake_args': None, 'catkin_skip_building_tests': False, 'cmake_args': None, 'cmake_clean_cache': False, 'cmake_clean_first': False, 'cmake_force_configure': False, 'cmake_target': None, 'cmake_target_skip_unavailable': False, 'install_base': '/home/prl/track_robot_ws/install/rslidar_sdk', 'merge_install': False, 'path': '/home/prl/track_robot_ws/src/third_party_ros/rslidar_ros2/rslidar_sdk', 'symlink_install': True, 'test_result_base': None}
[0.347s] Level 5:colcon.colcon_core.verb:set package 'track_robot_control' build argument 'cmake_args' from command line to 'None'
[0.347s] Level 5:colcon.colcon_core.verb:set package 'track_robot_control' build argument 'cmake_target' from command line to 'None'
[0.347s] Level 5:colcon.colcon_core.verb:set package 'track_robot_control' build argument 'cmake_target_skip_unavailable' from command line to 'False'
[0.347s] Level 5:colcon.colcon_core.verb:set package 'track_robot_control' build argument 'cmake_clean_cache' from command line to 'False'
[0.347s] Level 5:colcon.colcon_core.verb:set package 'track_robot_control' build argument 'cmake_clean_first' from command line to 'False'
[0.347s] Level 5:colcon.colcon_core.verb:set package 'track_robot_control' build argument 'cmake_force_configure' from command line to 'False'
[0.347s] Level 5:colcon.colcon_core.verb:set package 'track_robot_control' build argument 'ament_cmake_args' from command line to 'None'
[0.347s] Level 5:colcon.colcon_core.verb:set package 'track_robot_control' build argument 'catkin_cmake_args' from command line to 'None'
[0.347s] Level 5:colcon.colcon_core.verb:set package 'track_robot_control' build argument 'catkin_skip_building_tests' from command line to 'False'
[0.347s] DEBUG:colcon.colcon_core.verb:Building package 'track_robot_control' with the following arguments: {'ament_cmake_args': None, 'build_base': '/home/prl/track_robot_ws/build/track_robot_control', 'catkin_cmake_args': None, 'catkin_skip_building_tests': False, 'cmake_args': None, 'cmake_clean_cache': False, 'cmake_clean_first': False, 'cmake_force_configure': False, 'cmake_target': None, 'cmake_target_skip_unavailable': False, 'install_base': '/home/prl/track_robot_ws/install/track_robot_control', 'merge_install': False, 'path': '/home/prl/track_robot_ws/src/track_robot/track_robot_control', 'symlink_install': True, 'test_result_base': None}
[0.347s] INFO:colcon.colcon_core.executor:Executing jobs using 'parallel' executor
[0.349s] DEBUG:colcon.colcon_parallel_executor.executor.parallel:run_until_complete
[0.349s] INFO:colcon.colcon_ros.task.ament_cmake.build:Building ROS package in '/home/prl/track_robot_ws/src/third_party_ros/bunker_ros2/bunker_msgs' with build type 'ament_cmake'
[0.349s] INFO:colcon.colcon_cmake.task.cmake.build:Building CMake package in '/home/prl/track_robot_ws/src/third_party_ros/bunker_ros2/bunker_msgs'
[0.351s] INFO:colcon.colcon_core.plugin_system:Skipping extension 'colcon_core.shell.bat': Not used on non-Windows systems
[0.351s] INFO:colcon.colcon_core.shell:Skip shell extension 'powershell' for command environment: Not usable outside of PowerShell
[0.351s] DEBUG:colcon.colcon_core.shell:Skip shell extension 'dsv' for command environment
[0.355s] INFO:colcon.colcon_ros.task.ament_cmake.build:Building ROS package in '/home/prl/track_robot_ws/src/third_party_ros/rslidar_ros2/rslidar_msg' with build type 'ament_cmake'
[0.355s] INFO:colcon.colcon_cmake.task.cmake.build:Building CMake package in '/home/prl/track_robot_ws/src/third_party_ros/rslidar_ros2/rslidar_msg'
[0.355s] INFO:colcon.colcon_core.shell:Skip shell extension 'powershell' for command environment: Not usable outside of PowerShell
[0.355s] DEBUG:colcon.colcon_core.shell:Skip shell extension 'dsv' for command environment
[0.359s] INFO:colcon.colcon_ros.task.ament_cmake.build:Building ROS package in '/home/prl/track_robot_ws/src/track_robot/track_robot_interfaces' with build type 'ament_cmake'
[0.360s] INFO:colcon.colcon_cmake.task.cmake.build:Building CMake package in '/home/prl/track_robot_ws/src/track_robot/track_robot_interfaces'
[0.360s] INFO:colcon.colcon_core.shell:Skip shell extension 'powershell' for command environment: Not usable outside of PowerShell
[0.360s] DEBUG:colcon.colcon_core.shell:Skip shell extension 'dsv' for command environment
[0.366s] INFO:colcon.colcon_ros.task.catkin.build:Building ROS package in '/home/prl/track_robot_ws/src/third_party_ros/ugv_sdk' with build type 'catkin'
[0.367s] INFO:colcon.colcon_cmake.task.cmake.build:Building CMake package in '/home/prl/track_robot_ws/src/third_party_ros/ugv_sdk'
[0.367s] INFO:colcon.colcon_core.shell:Skip shell extension 'powershell' for command environment: Not usable outside of PowerShell
[0.367s] DEBUG:colcon.colcon_core.shell:Skip shell extension 'dsv' for command environment
[0.372s] INFO:colcon.colcon_ros.task.ament_cmake.build:Building ROS package in '/home/prl/track_robot_ws/src/track_robot/track_robot_bringup' with build type 'ament_cmake'
[0.372s] INFO:colcon.colcon_cmake.task.cmake.build:Building CMake package in '/home/prl/track_robot_ws/src/track_robot/track_robot_bringup'
[0.372s] INFO:colcon.colcon_core.shell:Skip shell extension 'powershell' for command environment: Not usable outside of PowerShell
[0.372s] DEBUG:colcon.colcon_core.shell:Skip shell extension 'dsv' for command environment
[0.377s] INFO:colcon.colcon_ros.task.ament_cmake.build:Building ROS package in '/home/prl/track_robot_ws/src/track_robot_core' with build type 'ament_cmake'
[0.377s] INFO:colcon.colcon_cmake.task.cmake.build:Building CMake package in '/home/prl/track_robot_ws/src/track_robot_core'
[0.378s] INFO:colcon.colcon_core.shell:Skip shell extension 'powershell' for command environment: Not usable outside of PowerShell
[0.378s] DEBUG:colcon.colcon_core.shell:Skip shell extension 'dsv' for command environment
[0.382s] INFO:colcon.colcon_ros.task.ament_cmake.build:Building ROS package in '/home/prl/track_robot_ws/src/track_robot/track_robot_drivers' with build type 'ament_cmake'
[0.383s] INFO:colcon.colcon_cmake.task.cmake.build:Building CMake package in '/home/prl/track_robot_ws/src/track_robot/track_robot_drivers'
[0.383s] INFO:colcon.colcon_core.shell:Skip shell extension 'powershell' for command environment: Not usable outside of PowerShell
[0.383s] DEBUG:colcon.colcon_core.shell:Skip shell extension 'dsv' for command environment
[0.387s] INFO:colcon.colcon_ros.task.ament_python.build:Building ROS package in '/home/prl/track_robot_ws/src/track_robot_teleop' with build type 'ament_python'
[0.387s] Level 1:colcon.colcon_core.shell:create_environment_hook('track_robot_teleop', 'ament_prefix_path')
[0.387s] INFO:colcon.colcon_core.shell:Creating environment hook '/home/prl/track_robot_ws/install/track_robot_teleop/share/track_robot_teleop/hook/ament_prefix_path.ps1'
[0.388s] INFO:colcon.colcon_core.shell:Creating environment descriptor '/home/prl/track_robot_ws/install/track_robot_teleop/share/track_robot_teleop/hook/ament_prefix_path.dsv'
[0.389s] INFO:colcon.colcon_core.shell:Creating environment hook '/home/prl/track_robot_ws/install/track_robot_teleop/share/track_robot_teleop/hook/ament_prefix_path.sh'
[0.389s] INFO:colcon.colcon_core.shell:Skip shell extension 'powershell' for command environment: Not usable outside of PowerShell
[0.389s] DEBUG:colcon.colcon_core.shell:Skip shell extension 'dsv' for command environment
[0.397s] DEBUG:colcon.colcon_core.event_handler.log_command:Invoking command in '/home/prl/track_robot_ws/build/bunker_msgs': CMAKE_PREFIX_PATH=${CMAKE_PREFIX_PATH}:/home/prl/track_robot_ws/install/track_robot_teleop:/opt/ros/foxy /usr/bin/cmake /home/prl/track_robot_ws/src/third_party_ros/bunker_ros2/bunker_msgs -DAMENT_CMAKE_SYMLINK_INSTALL=1 -DCMAKE_INSTALL_PREFIX=/home/prl/track_robot_ws/install/bunker_msgs
[0.401s] DEBUG:colcon.colcon_core.event_handler.log_command:Invoking command in '/home/prl/track_robot_ws/build/rslidar_msg': CMAKE_PREFIX_PATH=${CMAKE_PREFIX_PATH}:/home/prl/track_robot_ws/install/track_robot_teleop:/opt/ros/foxy /usr/bin/cmake /home/prl/track_robot_ws/src/third_party_ros/rslidar_ros2/rslidar_msg -DAMENT_CMAKE_SYMLINK_INSTALL=1 -DCMAKE_INSTALL_PREFIX=/home/prl/track_robot_ws/install/rslidar_msg
[0.404s] DEBUG:colcon.colcon_core.event_handler.log_command:Invoking command in '/home/prl/track_robot_ws/build/track_robot_interfaces': CMAKE_PREFIX_PATH=${CMAKE_PREFIX_PATH}:/home/prl/track_robot_ws/install/track_robot_teleop:/opt/ros/foxy /usr/bin/cmake /home/prl/track_robot_ws/src/track_robot/track_robot_interfaces -DAMENT_CMAKE_SYMLINK_INSTALL=1 -DCMAKE_INSTALL_PREFIX=/home/prl/track_robot_ws/install/track_robot_interfaces
[0.408s] DEBUG:colcon.colcon_core.event_handler.log_command:Invoking command in '/home/prl/track_robot_ws/build/ugv_sdk': /usr/bin/cmake /home/prl/track_robot_ws/src/third_party_ros/ugv_sdk -DCATKIN_INSTALL_INTO_PREFIX_ROOT=0 -DCATKIN_SYMLINK_INSTALL=ON -DCMAKE_INSTALL_PREFIX=/home/prl/track_robot_ws/install/ugv_sdk
[0.414s] DEBUG:colcon.colcon_core.event_handler.log_command:Invoking command in '/home/prl/track_robot_ws/build/track_robot_bringup': CMAKE_PREFIX_PATH=${CMAKE_PREFIX_PATH}:/home/prl/track_robot_ws/install/track_robot_teleop:/opt/ros/foxy /usr/bin/cmake /home/prl/track_robot_ws/src/track_robot/track_robot_bringup -DAMENT_CMAKE_SYMLINK_INSTALL=1 -DCMAKE_INSTALL_PREFIX=/home/prl/track_robot_ws/install/track_robot_bringup
[0.420s] DEBUG:colcon.colcon_core.event_handler.log_command:Invoking command in '/home/prl/track_robot_ws/build/track_robot_core': CMAKE_PREFIX_PATH=${CMAKE_PREFIX_PATH}:/home/prl/track_robot_ws/install/track_robot_teleop:/opt/ros/foxy /usr/bin/cmake /home/prl/track_robot_ws/src/track_robot_core -DAMENT_CMAKE_SYMLINK_INSTALL=1 -DCMAKE_INSTALL_PREFIX=/home/prl/track_robot_ws/install/track_robot_core
[0.426s] DEBUG:colcon.colcon_core.event_handler.log_command:Invoking command in '/home/prl/track_robot_ws/build/track_robot_drivers': CMAKE_PREFIX_PATH=${CMAKE_PREFIX_PATH}:/home/prl/track_robot_ws/install/track_robot_teleop:/opt/ros/foxy /usr/bin/cmake /home/prl/track_robot_ws/src/track_robot/track_robot_drivers -DAMENT_CMAKE_SYMLINK_INSTALL=1 -DCMAKE_INSTALL_PREFIX=/home/prl/track_robot_ws/install/track_robot_drivers
[0.721s] INFO:colcon.colcon_core.task.python.build:Building Python package in '/home/prl/track_robot_ws/src/track_robot_teleop'
[0.721s] INFO:colcon.colcon_core.shell:Skip shell extension 'powershell' for command environment: Not usable outside of PowerShell
[0.721s] DEBUG:colcon.colcon_core.shell:Skip shell extension 'dsv' for command environment
[1.228s] DEBUG:colcon.colcon_core.event_handler.log_command:Invoked command in '/home/prl/track_robot_ws/build/ugv_sdk' returned '0': /usr/bin/cmake /home/prl/track_robot_ws/src/third_party_ros/ugv_sdk -DCATKIN_INSTALL_INTO_PREFIX_ROOT=0 -DCATKIN_SYMLINK_INSTALL=ON -DCMAKE_INSTALL_PREFIX=/home/prl/track_robot_ws/install/ugv_sdk
[1.231s] DEBUG:colcon.colcon_core.event_handler.log_command:Invoking command in '/home/prl/track_robot_ws/build/ugv_sdk': /usr/bin/cmake --build /home/prl/track_robot_ws/build/ugv_sdk -- -j16 -l16
[1.283s] DEBUG:colcon.colcon_core.event_handler.log_command:Invoking command in '/home/prl/track_robot_ws/build/track_robot_teleop': PYTHONPATH=/home/prl/track_robot_ws/build/track_robot_teleop/prefix_override:/usr/lib/python3/dist-packages/colcon_core/task/python/colcon_distutils_commands:/home/prl/track_robot_ws/install/track_robot_teleop/lib/python3.8/site-packages:${PYTHONPATH} /usr/bin/python3 -W ignore:setup.py install is deprecated -W ignore:easy_install command is deprecated setup.py develop --editable --build-directory /home/prl/track_robot_ws/build/track_robot_teleop/build --no-deps symlink_data
[1.300s] DEBUG:colcon.colcon_core.event_handler.log_command:Invoked command in '/home/prl/track_robot_ws/build/track_robot_bringup' returned '0': CMAKE_PREFIX_PATH=${CMAKE_PREFIX_PATH}:/home/prl/track_robot_ws/install/track_robot_teleop:/opt/ros/foxy /usr/bin/cmake /home/prl/track_robot_ws/src/track_robot/track_robot_bringup -DAMENT_CMAKE_SYMLINK_INSTALL=1 -DCMAKE_INSTALL_PREFIX=/home/prl/track_robot_ws/install/track_robot_bringup
[1.304s] DEBUG:colcon.colcon_core.event_handler.log_command:Invoking command in '/home/prl/track_robot_ws/build/track_robot_bringup': CMAKE_PREFIX_PATH=${CMAKE_PREFIX_PATH}:/home/prl/track_robot_ws/install/track_robot_teleop:/opt/ros/foxy /usr/bin/cmake --build /home/prl/track_robot_ws/build/track_robot_bringup -- -j16 -l16
[1.373s] DEBUG:colcon.colcon_core.event_handler.log_command:Invoked command in '/home/prl/track_robot_ws/build/track_robot_bringup' returned '0': CMAKE_PREFIX_PATH=${CMAKE_PREFIX_PATH}:/home/prl/track_robot_ws/install/track_robot_teleop:/opt/ros/foxy /usr/bin/cmake --build /home/prl/track_robot_ws/build/track_robot_bringup -- -j16 -l16
[1.393s] DEBUG:colcon.colcon_core.event_handler.log_command:Invoking command in '/home/prl/track_robot_ws/build/track_robot_bringup': CMAKE_PREFIX_PATH=${CMAKE_PREFIX_PATH}:/home/prl/track_robot_ws/install/track_robot_teleop:/opt/ros/foxy /usr/bin/cmake --install /home/prl/track_robot_ws/build/track_robot_bringup
[1.708s] DEBUG:colcon.colcon_core.event_handler.log_command:Invoked command in '/home/prl/track_robot_ws/build/track_robot_interfaces' returned '0': CMAKE_PREFIX_PATH=${CMAKE_PREFIX_PATH}:/home/prl/track_robot_ws/install/track_robot_teleop:/opt/ros/foxy /usr/bin/cmake /home/prl/track_robot_ws/src/track_robot/track_robot_interfaces -DAMENT_CMAKE_SYMLINK_INSTALL=1 -DCMAKE_INSTALL_PREFIX=/home/prl/track_robot_ws/install/track_robot_interfaces
[1.709s] DEBUG:colcon.colcon_core.event_handler.log_command:Invoking command in '/home/prl/track_robot_ws/build/track_robot_interfaces': CMAKE_PREFIX_PATH=${CMAKE_PREFIX_PATH}:/home/prl/track_robot_ws/install/track_robot_teleop:/opt/ros/foxy /usr/bin/cmake --build /home/prl/track_robot_ws/build/track_robot_interfaces -- -j16 -l16
[1.720s] Level 1:colcon.colcon_core.environment:create_environment_scripts_only(track_robot_bringup)
[1.721s] DEBUG:colcon.colcon_core.event_handler.log_command:Invoked command in '/home/prl/track_robot_ws/build/track_robot_bringup' returned '0': CMAKE_PREFIX_PATH=${CMAKE_PREFIX_PATH}:/home/prl/track_robot_ws/install/track_robot_teleop:/opt/ros/foxy /usr/bin/cmake --install /home/prl/track_robot_ws/build/track_robot_bringup
[1.728s] Level 1:colcon.colcon_core.environment:checking '/home/prl/track_robot_ws/install/track_robot_bringup' for CMake module files
[1.729s] Level 1:colcon.colcon_core.environment:checking '/home/prl/track_robot_ws/install/track_robot_bringup' for CMake config files
[1.730s] Level 1:colcon.colcon_core.shell:create_environment_hook('track_robot_bringup', 'cmake_prefix_path')
[1.730s] INFO:colcon.colcon_core.shell:Creating environment hook '/home/prl/track_robot_ws/install/track_robot_bringup/share/track_robot_bringup/hook/cmake_prefix_path.ps1'
[1.731s] INFO:colcon.colcon_core.shell:Creating environment descriptor '/home/prl/track_robot_ws/install/track_robot_bringup/share/track_robot_bringup/hook/cmake_prefix_path.dsv'
[1.732s] INFO:colcon.colcon_core.shell:Creating environment hook '/home/prl/track_robot_ws/install/track_robot_bringup/share/track_robot_bringup/hook/cmake_prefix_path.sh'
[1.733s] Level 1:colcon.colcon_core.environment:checking '/home/prl/track_robot_ws/install/track_robot_bringup/bin'
[1.733s] Level 1:colcon.colcon_core.environment:checking '/home/prl/track_robot_ws/install/track_robot_bringup/lib/pkgconfig/track_robot_bringup.pc'
[1.734s] Level 1:colcon.colcon_core.environment:checking '/home/prl/track_robot_ws/install/track_robot_bringup/lib/python3.8/site-packages'
[1.734s] Level 1:colcon.colcon_core.environment:checking '/home/prl/track_robot_ws/install/track_robot_bringup/bin'
[1.735s] INFO:colcon.colcon_core.shell:Creating package script '/home/prl/track_robot_ws/install/track_robot_bringup/share/track_robot_bringup/package.ps1'
[1.736s] INFO:colcon.colcon_core.shell:Creating package descriptor '/home/prl/track_robot_ws/install/track_robot_bringup/share/track_robot_bringup/package.dsv'
[1.739s] INFO:colcon.colcon_core.shell:Creating package script '/home/prl/track_robot_ws/install/track_robot_bringup/share/track_robot_bringup/package.sh'
[1.740s] INFO:colcon.colcon_core.shell:Creating package script '/home/prl/track_robot_ws/install/track_robot_bringup/share/track_robot_bringup/package.bash'
[1.742s] INFO:colcon.colcon_core.shell:Creating package script '/home/prl/track_robot_ws/install/track_robot_bringup/share/track_robot_bringup/package.zsh'
[1.743s] Level 1:colcon.colcon_core.environment:create_file_with_runtime_dependencies(/home/prl/track_robot_ws/install/track_robot_bringup/share/colcon-core/packages/track_robot_bringup)
[1.744s] Level 1:colcon.colcon_core.environment:create_environment_scripts_only(track_robot_bringup)
[1.745s] Level 1:colcon.colcon_core.environment:checking '/home/prl/track_robot_ws/install/track_robot_bringup' for CMake module files
[1.746s] Level 1:colcon.colcon_core.environment:checking '/home/prl/track_robot_ws/install/track_robot_bringup' for CMake config files
[1.746s] Level 1:colcon.colcon_core.shell:create_environment_hook('track_robot_bringup', 'cmake_prefix_path')
[1.746s] INFO:colcon.colcon_core.shell:Creating environment hook '/home/prl/track_robot_ws/install/track_robot_bringup/share/track_robot_bringup/hook/cmake_prefix_path.ps1'
[1.747s] INFO:colcon.colcon_core.shell:Creating environment descriptor '/home/prl/track_robot_ws/install/track_robot_bringup/share/track_robot_bringup/hook/cmake_prefix_path.dsv'
[1.748s] INFO:colcon.colcon_core.shell:Creating environment hook '/home/prl/track_robot_ws/install/track_robot_bringup/share/track_robot_bringup/hook/cmake_prefix_path.sh'
[1.749s] Level 1:colcon.colcon_core.environment:checking '/home/prl/track_robot_ws/install/track_robot_bringup/bin'
[1.749s] Level 1:colcon.colcon_core.environment:checking '/home/prl/track_robot_ws/install/track_robot_bringup/lib/pkgconfig/track_robot_bringup.pc'
[1.749s] Level 1:colcon.colcon_core.environment:checking '/home/prl/track_robot_ws/install/track_robot_bringup/lib/python3.8/site-packages'
[1.750s] Level 1:colcon.colcon_core.environment:checking '/home/prl/track_robot_ws/install/track_robot_bringup/bin'
[1.752s] INFO:colcon.colcon_core.shell:Creating package script '/home/prl/track_robot_ws/install/track_robot_bringup/share/track_robot_bringup/package.ps1'
[1.753s] INFO:colcon.colcon_core.shell:Creating package descriptor '/home/prl/track_robot_ws/install/track_robot_bringup/share/track_robot_bringup/package.dsv'
[1.754s] INFO:colcon.colcon_core.shell:Creating package script '/home/prl/track_robot_ws/install/track_robot_bringup/share/track_robot_bringup/package.sh'
[1.755s] INFO:colcon.colcon_core.shell:Creating package script '/home/prl/track_robot_ws/install/track_robot_bringup/share/track_robot_bringup/package.bash'
[1.756s] INFO:colcon.colcon_core.shell:Creating package script '/home/prl/track_robot_ws/install/track_robot_bringup/share/track_robot_bringup/package.zsh'
[1.756s] Level 1:colcon.colcon_core.environment:create_file_with_runtime_dependencies(/home/prl/track_robot_ws/install/track_robot_bringup/share/colcon-core/packages/track_robot_bringup)
[1.780s] DEBUG:colcon.colcon_core.event_handler.log_command:Invoked command in '/home/prl/track_robot_ws/build/track_robot_interfaces' returned '0': CMAKE_PREFIX_PATH=${CMAKE_PREFIX_PATH}:/home/prl/track_robot_ws/install/track_robot_teleop:/opt/ros/foxy /usr/bin/cmake --build /home/prl/track_robot_ws/build/track_robot_interfaces -- -j16 -l16
[1.781s] DEBUG:colcon.colcon_core.event_handler.log_command:Invoking command in '/home/prl/track_robot_ws/build/track_robot_interfaces': CMAKE_PREFIX_PATH=${CMAKE_PREFIX_PATH}:/home/prl/track_robot_ws/install/track_robot_teleop:/opt/ros/foxy /usr/bin/cmake --install /home/prl/track_robot_ws/build/track_robot_interfaces
[2.017s] Level 1:colcon.colcon_core.environment:create_environment_scripts_only(track_robot_interfaces)
[2.018s] Level 1:colcon.colcon_core.environment:checking '/home/prl/track_robot_ws/install/track_robot_interfaces' for CMake module files
[2.019s] DEBUG:colcon.colcon_core.event_handler.log_command:Invoked command in '/home/prl/track_robot_ws/build/track_robot_interfaces' returned '0': CMAKE_PREFIX_PATH=${CMAKE_PREFIX_PATH}:/home/prl/track_robot_ws/install/track_robot_teleop:/opt/ros/foxy /usr/bin/cmake --install /home/prl/track_robot_ws/build/track_robot_interfaces
[2.020s] Level 1:colcon.colcon_core.environment:checking '/home/prl/track_robot_ws/install/track_robot_interfaces' for CMake config files
[2.020s] Level 1:colcon.colcon_core.shell:create_environment_hook('track_robot_interfaces', 'cmake_prefix_path')
[2.021s] INFO:colcon.colcon_core.shell:Creating environment hook '/home/prl/track_robot_ws/install/track_robot_interfaces/share/track_robot_interfaces/hook/cmake_prefix_path.ps1'
[2.022s] INFO:colcon.colcon_core.shell:Creating environment descriptor '/home/prl/track_robot_ws/install/track_robot_interfaces/share/track_robot_interfaces/hook/cmake_prefix_path.dsv'
[2.022s] INFO:colcon.colcon_core.shell:Creating environment hook '/home/prl/track_robot_ws/install/track_robot_interfaces/share/track_robot_interfaces/hook/cmake_prefix_path.sh'
[2.023s] Level 1:colcon.colcon_core.environment:checking '/home/prl/track_robot_ws/install/track_robot_interfaces/bin'
[2.024s] Level 1:colcon.colcon_core.environment:checking '/home/prl/track_robot_ws/install/track_robot_interfaces/lib/pkgconfig/track_robot_interfaces.pc'
[2.024s] Level 1:colcon.colcon_core.environment:checking '/home/prl/track_robot_ws/install/track_robot_interfaces/lib/python3.8/site-packages'
[2.025s] Level 1:colcon.colcon_core.environment:checking '/home/prl/track_robot_ws/install/track_robot_interfaces/bin'
[2.025s] INFO:colcon.colcon_core.shell:Creating package script '/home/prl/track_robot_ws/install/track_robot_interfaces/share/track_robot_interfaces/package.ps1'
[2.026s] INFO:colcon.colcon_core.shell:Creating package descriptor '/home/prl/track_robot_ws/install/track_robot_interfaces/share/track_robot_interfaces/package.dsv'
[2.027s] INFO:colcon.colcon_core.shell:Creating package script '/home/prl/track_robot_ws/install/track_robot_interfaces/share/track_robot_interfaces/package.sh'
[2.027s] INFO:colcon.colcon_core.shell:Creating package script '/home/prl/track_robot_ws/install/track_robot_interfaces/share/track_robot_interfaces/package.bash'
[2.028s] INFO:colcon.colcon_core.shell:Creating package script '/home/prl/track_robot_ws/install/track_robot_interfaces/share/track_robot_interfaces/package.zsh'
[2.029s] Level 1:colcon.colcon_core.environment:create_file_with_runtime_dependencies(/home/prl/track_robot_ws/install/track_robot_interfaces/share/colcon-core/packages/track_robot_interfaces)
[2.030s] Level 1:colcon.colcon_core.environment:create_environment_scripts_only(track_robot_interfaces)
[2.030s] Level 1:colcon.colcon_core.environment:checking '/home/prl/track_robot_ws/install/track_robot_interfaces' for CMake module files
[2.031s] Level 1:colcon.colcon_core.environment:checking '/home/prl/track_robot_ws/install/track_robot_interfaces' for CMake config files
[2.032s] Level 1:colcon.colcon_core.shell:create_environment_hook('track_robot_interfaces', 'cmake_prefix_path')
[2.032s] INFO:colcon.colcon_core.shell:Creating environment hook '/home/prl/track_robot_ws/install/track_robot_interfaces/share/track_robot_interfaces/hook/cmake_prefix_path.ps1'
[2.033s] INFO:colcon.colcon_core.shell:Creating environment descriptor '/home/prl/track_robot_ws/install/track_robot_interfaces/share/track_robot_interfaces/hook/cmake_prefix_path.dsv'
[2.033s] INFO:colcon.colcon_core.shell:Creating environment hook '/home/prl/track_robot_ws/install/track_robot_interfaces/share/track_robot_interfaces/hook/cmake_prefix_path.sh'
[2.035s] Level 1:colcon.colcon_core.environment:checking '/home/prl/track_robot_ws/install/track_robot_interfaces/bin'
[2.035s] Level 1:colcon.colcon_core.environment:checking '/home/prl/track_robot_ws/install/track_robot_interfaces/lib/pkgconfig/track_robot_interfaces.pc'
[2.035s] Level 1:colcon.colcon_core.environment:checking '/home/prl/track_robot_ws/install/track_robot_interfaces/lib/python3.8/site-packages'
[2.036s] Level 1:colcon.colcon_core.environment:checking '/home/prl/track_robot_ws/install/track_robot_interfaces/bin'
[2.036s] INFO:colcon.colcon_core.shell:Creating package script '/home/prl/track_robot_ws/install/track_robot_interfaces/share/track_robot_interfaces/package.ps1'
[2.037s] INFO:colcon.colcon_core.shell:Creating package descriptor '/home/prl/track_robot_ws/install/track_robot_interfaces/share/track_robot_interfaces/package.dsv'
[2.039s] INFO:colcon.colcon_core.shell:Creating package script '/home/prl/track_robot_ws/install/track_robot_interfaces/share/track_robot_interfaces/package.sh'
[2.039s] INFO:colcon.colcon_core.shell:Creating package script '/home/prl/track_robot_ws/install/track_robot_interfaces/share/track_robot_interfaces/package.bash'
[2.041s] INFO:colcon.colcon_core.shell:Creating package script '/home/prl/track_robot_ws/install/track_robot_interfaces/share/track_robot_interfaces/package.zsh'
[2.042s] Level 1:colcon.colcon_core.environment:create_file_with_runtime_dependencies(/home/prl/track_robot_ws/install/track_robot_interfaces/share/colcon-core/packages/track_robot_interfaces)
[2.042s] INFO:colcon.colcon_ros.task.ament_cmake.build:Building ROS package in '/home/prl/track_robot_ws/src/track_robot/track_robot_control' with build type 'ament_cmake'
[2.043s] INFO:colcon.colcon_cmake.task.cmake.build:Building CMake package in '/home/prl/track_robot_ws/src/track_robot/track_robot_control'
[2.043s] INFO:colcon.colcon_core.shell:Skip shell extension 'powershell' for command environment: Not usable outside of PowerShell
[2.044s] DEBUG:colcon.colcon_core.shell:Skip shell extension 'dsv' for command environment
[2.061s] DEBUG:colcon.colcon_core.event_handler.log_command:Invoking command in '/home/prl/track_robot_ws/build/track_robot_control': CMAKE_PREFIX_PATH=/home/prl/track_robot_ws/install/track_robot_interfaces:/home/prl/track_robot_ws/install/bunker_base:/home/prl/track_robot_ws/install/ugv_sdk:/home/prl/track_robot_ws/install/track_robot_control:/home/prl/track_robot_ws/install/track_robot_drivers:/home/prl/track_robot_ws/install/track_robot_core:/home/prl/track_robot_ws/install/track_robot_bringup:/home/prl/track_robot_ws/install/rslidar_sdk:/home/prl/track_robot_ws/install/rslidar_msg:/home/prl/track_robot_ws/install/bunker_msgs:/home/prl/track_robot_ws/install/track_robot_teleop:/opt/ros/foxy /usr/bin/cmake /home/prl/track_robot_ws/src/track_robot/track_robot_control -DAMENT_CMAKE_SYMLINK_INSTALL=1 -DCMAKE_INSTALL_PREFIX=/home/prl/track_robot_ws/install/track_robot_control
[2.118s] Level 1:colcon.colcon_core.shell:create_environment_hook('track_robot_teleop', 'pythonpath_develop')
[2.119s] INFO:colcon.colcon_core.shell:Creating environment hook '/home/prl/track_robot_ws/build/track_robot_teleop/share/track_robot_teleop/hook/pythonpath_develop.ps1'
[2.120s] DEBUG:colcon.colcon_core.event_handler.log_command:Invoked command in '/home/prl/track_robot_ws/build/track_robot_teleop' returned '0': PYTHONPATH=/home/prl/track_robot_ws/build/track_robot_teleop/prefix_override:/usr/lib/python3/dist-packages/colcon_core/task/python/colcon_distutils_commands:/home/prl/track_robot_ws/install/track_robot_teleop/lib/python3.8/site-packages:${PYTHONPATH} /usr/bin/python3 -W ignore:setup.py install is deprecated -W ignore:easy_install command is deprecated setup.py develop --editable --build-directory /home/prl/track_robot_ws/build/track_robot_teleop/build --no-deps symlink_data
[2.121s] INFO:colcon.colcon_core.shell:Creating environment descriptor '/home/prl/track_robot_ws/build/track_robot_teleop/share/track_robot_teleop/hook/pythonpath_develop.dsv'
[2.121s] INFO:colcon.colcon_core.shell:Creating environment hook '/home/prl/track_robot_ws/build/track_robot_teleop/share/track_robot_teleop/hook/pythonpath_develop.sh'
[2.123s] Level 1:colcon.colcon_core.environment:checking '/home/prl/track_robot_ws/install/track_robot_teleop' for CMake module files
[2.123s] Level 1:colcon.colcon_core.environment:checking '/home/prl/track_robot_ws/install/track_robot_teleop' for CMake config files
[2.124s] Level 1:colcon.colcon_core.environment:checking '/home/prl/track_robot_ws/install/track_robot_teleop/lib'
[2.125s] Level 1:colcon.colcon_core.environment:checking '/home/prl/track_robot_ws/install/track_robot_teleop/bin'
[2.125s] Level 1:colcon.colcon_core.environment:checking '/home/prl/track_robot_ws/install/track_robot_teleop/lib/pkgconfig/track_robot_teleop.pc'
[2.125s] Level 1:colcon.colcon_core.environment:checking '/home/prl/track_robot_ws/install/track_robot_teleop/lib/python3.8/site-packages'
[2.125s] Level 1:colcon.colcon_core.shell:create_environment_hook('track_robot_teleop', 'pythonpath')
[2.126s] INFO:colcon.colcon_core.shell:Creating environment hook '/home/prl/track_robot_ws/install/track_robot_teleop/share/track_robot_teleop/hook/pythonpath.ps1'
[2.127s] INFO:colcon.colcon_core.shell:Creating environment descriptor '/home/prl/track_robot_ws/install/track_robot_teleop/share/track_robot_teleop/hook/pythonpath.dsv'
[2.127s] INFO:colcon.colcon_core.shell:Creating environment hook '/home/prl/track_robot_ws/install/track_robot_teleop/share/track_robot_teleop/hook/pythonpath.sh'
[2.128s] Level 1:colcon.colcon_core.environment:checking '/home/prl/track_robot_ws/install/track_robot_teleop/bin'
[2.129s] Level 1:colcon.colcon_core.environment:create_environment_scripts_only(track_robot_teleop)
[2.129s] INFO:colcon.colcon_core.shell:Creating package script '/home/prl/track_robot_ws/install/track_robot_teleop/share/track_robot_teleop/package.ps1'
[2.130s] INFO:colcon.colcon_core.shell:Creating package descriptor '/home/prl/track_robot_ws/install/track_robot_teleop/share/track_robot_teleop/package.dsv'
[2.131s] INFO:colcon.colcon_core.shell:Creating package script '/home/prl/track_robot_ws/install/track_robot_teleop/share/track_robot_teleop/package.sh'
[2.132s] INFO:colcon.colcon_core.shell:Creating package script '/home/prl/track_robot_ws/install/track_robot_teleop/share/track_robot_teleop/package.bash'
[2.133s] INFO:colcon.colcon_core.shell:Creating package script '/home/prl/track_robot_ws/install/track_robot_teleop/share/track_robot_teleop/package.zsh'
[2.133s] Level 1:colcon.colcon_core.environment:create_file_with_runtime_dependencies(/home/prl/track_robot_ws/install/track_robot_teleop/share/colcon-core/packages/track_robot_teleop)
[2.697s] DEBUG:colcon.colcon_core.event_handler.log_command:Invoked command in '/home/prl/track_robot_ws/build/track_robot_core' returned '0': CMAKE_PREFIX_PATH=${CMAKE_PREFIX_PATH}:/home/prl/track_robot_ws/install/track_robot_teleop:/opt/ros/foxy /usr/bin/cmake /home/prl/track_robot_ws/src/track_robot_core -DAMENT_CMAKE_SYMLINK_INSTALL=1 -DCMAKE_INSTALL_PREFIX=/home/prl/track_robot_ws/install/track_robot_core
[2.701s] DEBUG:colcon.colcon_core.event_handler.log_command:Invoking command in '/home/prl/track_robot_ws/build/track_robot_core': CMAKE_PREFIX_PATH=${CMAKE_PREFIX_PATH}:/home/prl/track_robot_ws/install/track_robot_teleop:/opt/ros/foxy /usr/bin/cmake --build /home/prl/track_robot_ws/build/track_robot_core -- -j16 -l16
[2.972s] DEBUG:colcon.colcon_core.event_handler.log_command:Invoked command in '/home/prl/track_robot_ws/build/track_robot_drivers' returned '0': CMAKE_PREFIX_PATH=${CMAKE_PREFIX_PATH}:/home/prl/track_robot_ws/install/track_robot_teleop:/opt/ros/foxy /usr/bin/cmake /home/prl/track_robot_ws/src/track_robot/track_robot_drivers -DAMENT_CMAKE_SYMLINK_INSTALL=1 -DCMAKE_INSTALL_PREFIX=/home/prl/track_robot_ws/install/track_robot_drivers
[2.973s] DEBUG:colcon.colcon_core.event_handler.log_command:Invoking command in '/home/prl/track_robot_ws/build/track_robot_drivers': CMAKE_PREFIX_PATH=${CMAKE_PREFIX_PATH}:/home/prl/track_robot_ws/install/track_robot_teleop:/opt/ros/foxy /usr/bin/cmake --build /home/prl/track_robot_ws/build/track_robot_drivers -- -j16 -l16
[3.009s] DEBUG:colcon.colcon_core.event_handler.log_command:Invoked command in '/home/prl/track_robot_ws/build/bunker_msgs' returned '0': CMAKE_PREFIX_PATH=${CMAKE_PREFIX_PATH}:/home/prl/track_robot_ws/install/track_robot_teleop:/opt/ros/foxy /usr/bin/cmake /home/prl/track_robot_ws/src/third_party_ros/bunker_ros2/bunker_msgs -DAMENT_CMAKE_SYMLINK_INSTALL=1 -DCMAKE_INSTALL_PREFIX=/home/prl/track_robot_ws/install/bunker_msgs
[3.010s] DEBUG:colcon.colcon_core.event_handler.log_command:Invoking command in '/home/prl/track_robot_ws/build/bunker_msgs': CMAKE_PREFIX_PATH=${CMAKE_PREFIX_PATH}:/home/prl/track_robot_ws/install/track_robot_teleop:/opt/ros/foxy /usr/bin/cmake --build /home/prl/track_robot_ws/build/bunker_msgs -- -j16 -l16
[3.041s] DEBUG:colcon.colcon_core.event_handler.log_command:Invoked command in '/home/prl/track_robot_ws/build/track_robot_drivers' returned '0': CMAKE_PREFIX_PATH=${CMAKE_PREFIX_PATH}:/home/prl/track_robot_ws/install/track_robot_teleop:/opt/ros/foxy /usr/bin/cmake --build /home/prl/track_robot_ws/build/track_robot_drivers -- -j16 -l16
[3.045s] DEBUG:colcon.colcon_core.event_handler.log_command:Invoking command in '/home/prl/track_robot_ws/build/track_robot_drivers': CMAKE_PREFIX_PATH=${CMAKE_PREFIX_PATH}:/home/prl/track_robot_ws/install/track_robot_teleop:/opt/ros/foxy /usr/bin/cmake --install /home/prl/track_robot_ws/build/track_robot_drivers
[3.294s] Level 1:colcon.colcon_core.environment:create_environment_scripts_only(track_robot_drivers)
[3.295s] Level 1:colcon.colcon_core.environment:checking '/home/prl/track_robot_ws/install/track_robot_drivers' for CMake module files
[3.296s] Level 1:colcon.colcon_core.environment:checking '/home/prl/track_robot_ws/install/track_robot_drivers' for CMake config files
[3.296s] Level 1:colcon.colcon_core.shell:create_environment_hook('track_robot_drivers', 'cmake_prefix_path')
[3.297s] INFO:colcon.colcon_core.shell:Creating environment hook '/home/prl/track_robot_ws/install/track_robot_drivers/share/track_robot_drivers/hook/cmake_prefix_path.ps1'
[3.298s] INFO:colcon.colcon_core.shell:Creating environment descriptor '/home/prl/track_robot_ws/install/track_robot_drivers/share/track_robot_drivers/hook/cmake_prefix_path.dsv'
[3.298s] INFO:colcon.colcon_core.shell:Creating environment hook '/home/prl/track_robot_ws/install/track_robot_drivers/share/track_robot_drivers/hook/cmake_prefix_path.sh'
[3.299s] Level 1:colcon.colcon_core.environment:checking '/home/prl/track_robot_ws/install/track_robot_drivers/bin'
[3.300s] Level 1:colcon.colcon_core.environment:checking '/home/prl/track_robot_ws/install/track_robot_drivers/lib/pkgconfig/track_robot_drivers.pc'
[3.300s] Level 1:colcon.colcon_core.environment:checking '/home/prl/track_robot_ws/install/track_robot_drivers/lib/python3.8/site-packages'
[3.301s] Level 1:colcon.colcon_core.environment:checking '/home/prl/track_robot_ws/install/track_robot_drivers/bin'
[3.301s] INFO:colcon.colcon_core.shell:Creating package script '/home/prl/track_robot_ws/install/track_robot_drivers/share/track_robot_drivers/package.ps1'
[3.302s] INFO:colcon.colcon_core.shell:Creating package descriptor '/home/prl/track_robot_ws/install/track_robot_drivers/share/track_robot_drivers/package.dsv'
[3.303s] INFO:colcon.colcon_core.shell:Creating package script '/home/prl/track_robot_ws/install/track_robot_drivers/share/track_robot_drivers/package.sh'
[3.304s] DEBUG:colcon.colcon_core.event_handler.log_command:Invoked command in '/home/prl/track_robot_ws/build/track_robot_drivers' returned '0': CMAKE_PREFIX_PATH=${CMAKE_PREFIX_PATH}:/home/prl/track_robot_ws/install/track_robot_teleop:/opt/ros/foxy /usr/bin/cmake --install /home/prl/track_robot_ws/build/track_robot_drivers
[3.304s] INFO:colcon.colcon_core.shell:Creating package script '/home/prl/track_robot_ws/install/track_robot_drivers/share/track_robot_drivers/package.bash'
[3.305s] INFO:colcon.colcon_core.shell:Creating package script '/home/prl/track_robot_ws/install/track_robot_drivers/share/track_robot_drivers/package.zsh'
[3.305s] Level 1:colcon.colcon_core.environment:create_file_with_runtime_dependencies(/home/prl/track_robot_ws/install/track_robot_drivers/share/colcon-core/packages/track_robot_drivers)
[3.306s] Level 1:colcon.colcon_core.environment:create_environment_scripts_only(track_robot_drivers)
[3.307s] Level 1:colcon.colcon_core.environment:checking '/home/prl/track_robot_ws/install/track_robot_drivers' for CMake module files
[3.308s] Level 1:colcon.colcon_core.environment:checking '/home/prl/track_robot_ws/install/track_robot_drivers' for CMake config files
[3.308s] Level 1:colcon.colcon_core.shell:create_environment_hook('track_robot_drivers', 'cmake_prefix_path')
[3.309s] INFO:colcon.colcon_core.shell:Creating environment hook '/home/prl/track_robot_ws/install/track_robot_drivers/share/track_robot_drivers/hook/cmake_prefix_path.ps1'
[3.310s] INFO:colcon.colcon_core.shell:Creating environment descriptor '/home/prl/track_robot_ws/install/track_robot_drivers/share/track_robot_drivers/hook/cmake_prefix_path.dsv'
[3.310s] INFO:colcon.colcon_core.shell:Creating environment hook '/home/prl/track_robot_ws/install/track_robot_drivers/share/track_robot_drivers/hook/cmake_prefix_path.sh'
[3.311s] Level 1:colcon.colcon_core.environment:checking '/home/prl/track_robot_ws/install/track_robot_drivers/bin'
[3.311s] Level 1:colcon.colcon_core.environment:checking '/home/prl/track_robot_ws/install/track_robot_drivers/lib/pkgconfig/track_robot_drivers.pc'
[3.312s] Level 1:colcon.colcon_core.environment:checking '/home/prl/track_robot_ws/install/track_robot_drivers/lib/python3.8/site-packages'
[3.312s] Level 1:colcon.colcon_core.environment:checking '/home/prl/track_robot_ws/install/track_robot_drivers/bin'
[3.313s] INFO:colcon.colcon_core.shell:Creating package script '/home/prl/track_robot_ws/install/track_robot_drivers/share/track_robot_drivers/package.ps1'
[3.314s] INFO:colcon.colcon_core.shell:Creating package descriptor '/home/prl/track_robot_ws/install/track_robot_drivers/share/track_robot_drivers/package.dsv'
[3.315s] INFO:colcon.colcon_core.shell:Creating package script '/home/prl/track_robot_ws/install/track_robot_drivers/share/track_robot_drivers/package.sh'
[3.316s] INFO:colcon.colcon_core.shell:Creating package script '/home/prl/track_robot_ws/install/track_robot_drivers/share/track_robot_drivers/package.bash'
[3.317s] INFO:colcon.colcon_core.shell:Creating package script '/home/prl/track_robot_ws/install/track_robot_drivers/share/track_robot_drivers/package.zsh'
[3.318s] Level 1:colcon.colcon_core.environment:create_file_with_runtime_dependencies(/home/prl/track_robot_ws/install/track_robot_drivers/share/colcon-core/packages/track_robot_drivers)
[3.795s] DEBUG:colcon.colcon_core.event_handler.log_command:Invoked command in '/home/prl/track_robot_ws/build/rslidar_msg' returned '0': CMAKE_PREFIX_PATH=${CMAKE_PREFIX_PATH}:/home/prl/track_robot_ws/install/track_robot_teleop:/opt/ros/foxy /usr/bin/cmake /home/prl/track_robot_ws/src/third_party_ros/rslidar_ros2/rslidar_msg -DAMENT_CMAKE_SYMLINK_INSTALL=1 -DCMAKE_INSTALL_PREFIX=/home/prl/track_robot_ws/install/rslidar_msg
[3.797s] DEBUG:colcon.colcon_core.event_handler.log_command:Invoking command in '/home/prl/track_robot_ws/build/rslidar_msg': CMAKE_PREFIX_PATH=${CMAKE_PREFIX_PATH}:/home/prl/track_robot_ws/install/track_robot_teleop:/opt/ros/foxy /usr/bin/cmake --build /home/prl/track_robot_ws/build/rslidar_msg -- -j16 -l16
[4.952s] DEBUG:colcon.colcon_core.event_handler.log_command:Invoked command in '/home/prl/track_robot_ws/build/track_robot_control' returned '0': CMAKE_PREFIX_PATH=/home/prl/track_robot_ws/install/track_robot_interfaces:/home/prl/track_robot_ws/install/bunker_base:/home/prl/track_robot_ws/install/ugv_sdk:/home/prl/track_robot_ws/install/track_robot_control:/home/prl/track_robot_ws/install/track_robot_drivers:/home/prl/track_robot_ws/install/track_robot_core:/home/prl/track_robot_ws/install/track_robot_bringup:/home/prl/track_robot_ws/install/rslidar_sdk:/home/prl/track_robot_ws/install/rslidar_msg:/home/prl/track_robot_ws/install/bunker_msgs:/home/prl/track_robot_ws/install/track_robot_teleop:/opt/ros/foxy /usr/bin/cmake /home/prl/track_robot_ws/src/track_robot/track_robot_control -DAMENT_CMAKE_SYMLINK_INSTALL=1 -DCMAKE_INSTALL_PREFIX=/home/prl/track_robot_ws/install/track_robot_control
[4.954s] DEBUG:colcon.colcon_core.event_handler.log_command:Invoking command in '/home/prl/track_robot_ws/build/track_robot_control': CMAKE_PREFIX_PATH=/home/prl/track_robot_ws/install/track_robot_interfaces:/home/prl/track_robot_ws/install/bunker_base:/home/prl/track_robot_ws/install/ugv_sdk:/home/prl/track_robot_ws/install/track_robot_control:/home/prl/track_robot_ws/install/track_robot_drivers:/home/prl/track_robot_ws/install/track_robot_core:/home/prl/track_robot_ws/install/track_robot_bringup:/home/prl/track_robot_ws/install/rslidar_sdk:/home/prl/track_robot_ws/install/rslidar_msg:/home/prl/track_robot_ws/install/bunker_msgs:/home/prl/track_robot_ws/install/track_robot_teleop:/opt/ros/foxy /usr/bin/cmake --build /home/prl/track_robot_ws/build/track_robot_control -- -j16 -l16
[5.095s] DEBUG:colcon.colcon_core.event_handler.log_command:Invoked command in '/home/prl/track_robot_ws/build/track_robot_control' returned '0': CMAKE_PREFIX_PATH=/home/prl/track_robot_ws/install/track_robot_interfaces:/home/prl/track_robot_ws/install/bunker_base:/home/prl/track_robot_ws/install/ugv_sdk:/home/prl/track_robot_ws/install/track_robot_control:/home/prl/track_robot_ws/install/track_robot_drivers:/home/prl/track_robot_ws/install/track_robot_core:/home/prl/track_robot_ws/install/track_robot_bringup:/home/prl/track_robot_ws/install/rslidar_sdk:/home/prl/track_robot_ws/install/rslidar_msg:/home/prl/track_robot_ws/install/bunker_msgs:/home/prl/track_robot_ws/install/track_robot_teleop:/opt/ros/foxy /usr/bin/cmake --build /home/prl/track_robot_ws/build/track_robot_control -- -j16 -l16
[5.100s] DEBUG:colcon.colcon_core.event_handler.log_command:Invoking command in '/home/prl/track_robot_ws/build/track_robot_control': CMAKE_PREFIX_PATH=/home/prl/track_robot_ws/install/track_robot_interfaces:/home/prl/track_robot_ws/install/bunker_base:/home/prl/track_robot_ws/install/ugv_sdk:/home/prl/track_robot_ws/install/track_robot_control:/home/prl/track_robot_ws/install/track_robot_drivers:/home/prl/track_robot_ws/install/track_robot_core:/home/prl/track_robot_ws/install/track_robot_bringup:/home/prl/track_robot_ws/install/rslidar_sdk:/home/prl/track_robot_ws/install/rslidar_msg:/home/prl/track_robot_ws/install/bunker_msgs:/home/prl/track_robot_ws/install/track_robot_teleop:/opt/ros/foxy /usr/bin/cmake --install /home/prl/track_robot_ws/build/track_robot_control
[5.548s] Level 1:colcon.colcon_core.environment:create_environment_scripts_only(track_robot_control)
[5.549s] Level 1:colcon.colcon_core.environment:checking '/home/prl/track_robot_ws/install/track_robot_control' for CMake module files
[5.550s] Level 1:colcon.colcon_core.environment:checking '/home/prl/track_robot_ws/install/track_robot_control' for CMake config files
[5.550s] Level 1:colcon.colcon_core.shell:create_environment_hook('track_robot_control', 'cmake_prefix_path')
[5.551s] INFO:colcon.colcon_core.shell:Creating environment hook '/home/prl/track_robot_ws/install/track_robot_control/share/track_robot_control/hook/cmake_prefix_path.ps1'
[5.552s] INFO:colcon.colcon_core.shell:Creating environment descriptor '/home/prl/track_robot_ws/install/track_robot_control/share/track_robot_control/hook/cmake_prefix_path.dsv'
[5.552s] INFO:colcon.colcon_core.shell:Creating environment hook '/home/prl/track_robot_ws/install/track_robot_control/share/track_robot_control/hook/cmake_prefix_path.sh'
[5.553s] Level 1:colcon.colcon_core.environment:checking '/home/prl/track_robot_ws/install/track_robot_control/bin'
[5.553s] Level 1:colcon.colcon_core.environment:checking '/home/prl/track_robot_ws/install/track_robot_control/lib/pkgconfig/track_robot_control.pc'
[5.554s] Level 1:colcon.colcon_core.environment:checking '/home/prl/track_robot_ws/install/track_robot_control/lib/python3.8/site-packages'
[5.554s] Level 1:colcon.colcon_core.environment:checking '/home/prl/track_robot_ws/install/track_robot_control/bin'
[5.555s] INFO:colcon.colcon_core.shell:Creating package script '/home/prl/track_robot_ws/install/track_robot_control/share/track_robot_control/package.ps1'
[5.556s] INFO:colcon.colcon_core.shell:Creating package descriptor '/home/prl/track_robot_ws/install/track_robot_control/share/track_robot_control/package.dsv'
[5.557s] INFO:colcon.colcon_core.shell:Creating package script '/home/prl/track_robot_ws/install/track_robot_control/share/track_robot_control/package.sh'
[5.557s] INFO:colcon.colcon_core.shell:Creating package script '/home/prl/track_robot_ws/install/track_robot_control/share/track_robot_control/package.bash'
[5.558s] INFO:colcon.colcon_core.shell:Creating package script '/home/prl/track_robot_ws/install/track_robot_control/share/track_robot_control/package.zsh'
[5.559s] Level 1:colcon.colcon_core.environment:create_file_with_runtime_dependencies(/home/prl/track_robot_ws/install/track_robot_control/share/colcon-core/packages/track_robot_control)
[5.560s] DEBUG:colcon.colcon_core.event_handler.log_command:Invoked command in '/home/prl/track_robot_ws/build/track_robot_control' returned '0': CMAKE_PREFIX_PATH=/home/prl/track_robot_ws/install/track_robot_interfaces:/home/prl/track_robot_ws/install/bunker_base:/home/prl/track_robot_ws/install/ugv_sdk:/home/prl/track_robot_ws/install/track_robot_control:/home/prl/track_robot_ws/install/track_robot_drivers:/home/prl/track_robot_ws/install/track_robot_core:/home/prl/track_robot_ws/install/track_robot_bringup:/home/prl/track_robot_ws/install/rslidar_sdk:/home/prl/track_robot_ws/install/rslidar_msg:/home/prl/track_robot_ws/install/bunker_msgs:/home/prl/track_robot_ws/install/track_robot_teleop:/opt/ros/foxy /usr/bin/cmake --install /home/prl/track_robot_ws/build/track_robot_control
[5.568s] Level 1:colcon.colcon_core.environment:create_environment_scripts_only(track_robot_control)
[5.568s] Level 1:colcon.colcon_core.environment:checking '/home/prl/track_robot_ws/install/track_robot_control' for CMake module files
[5.569s] Level 1:colcon.colcon_core.environment:checking '/home/prl/track_robot_ws/install/track_robot_control' for CMake config files
[5.570s] Level 1:colcon.colcon_core.shell:create_environment_hook('track_robot_control', 'cmake_prefix_path')
[5.570s] INFO:colcon.colcon_core.shell:Creating environment hook '/home/prl/track_robot_ws/install/track_robot_control/share/track_robot_control/hook/cmake_prefix_path.ps1'
[5.572s] INFO:colcon.colcon_core.shell:Creating environment descriptor '/home/prl/track_robot_ws/install/track_robot_control/share/track_robot_control/hook/cmake_prefix_path.dsv'
[5.574s] INFO:colcon.colcon_core.shell:Creating environment hook '/home/prl/track_robot_ws/install/track_robot_control/share/track_robot_control/hook/cmake_prefix_path.sh'
[5.581s] Level 1:colcon.colcon_core.environment:checking '/home/prl/track_robot_ws/install/track_robot_control/bin'
[5.581s] Level 1:colcon.colcon_core.environment:checking '/home/prl/track_robot_ws/install/track_robot_control/lib/pkgconfig/track_robot_control.pc'
[5.581s] Level 1:colcon.colcon_core.environment:checking '/home/prl/track_robot_ws/install/track_robot_control/lib/python3.8/site-packages'
[5.582s] Level 1:colcon.colcon_core.environment:checking '/home/prl/track_robot_ws/install/track_robot_control/bin'
[5.582s] INFO:colcon.colcon_core.shell:Creating package script '/home/prl/track_robot_ws/install/track_robot_control/share/track_robot_control/package.ps1'
[5.583s] INFO:colcon.colcon_core.shell:Creating package descriptor '/home/prl/track_robot_ws/install/track_robot_control/share/track_robot_control/package.dsv'
[5.585s] INFO:colcon.colcon_core.shell:Creating package script '/home/prl/track_robot_ws/install/track_robot_control/share/track_robot_control/package.sh'
[5.586s] INFO:colcon.colcon_core.shell:Creating package script '/home/prl/track_robot_ws/install/track_robot_control/share/track_robot_control/package.bash'
[5.600s] INFO:colcon.colcon_core.shell:Creating package script '/home/prl/track_robot_ws/install/track_robot_control/share/track_robot_control/package.zsh'
[5.601s] Level 1:colcon.colcon_core.environment:create_file_with_runtime_dependencies(/home/prl/track_robot_ws/install/track_robot_control/share/colcon-core/packages/track_robot_control)
[8.174s] DEBUG:colcon.colcon_core.event_handler.log_command:Invoked command in '/home/prl/track_robot_ws/build/rslidar_msg' returned '0': CMAKE_PREFIX_PATH=${CMAKE_PREFIX_PATH}:/home/prl/track_robot_ws/install/track_robot_teleop:/opt/ros/foxy /usr/bin/cmake --build /home/prl/track_robot_ws/build/rslidar_msg -- -j16 -l16
[8.178s] DEBUG:colcon.colcon_core.event_handler.log_command:Invoking command in '/home/prl/track_robot_ws/build/rslidar_msg': CMAKE_PREFIX_PATH=${CMAKE_PREFIX_PATH}:/home/prl/track_robot_ws/install/track_robot_teleop:/opt/ros/foxy /usr/bin/cmake --install /home/prl/track_robot_ws/build/rslidar_msg
[8.891s] Level 1:colcon.colcon_core.environment:create_environment_scripts_only(rslidar_msg)
[8.892s] Level 1:colcon.colcon_core.environment:checking '/home/prl/track_robot_ws/install/rslidar_msg' for CMake module files
[8.893s] DEBUG:colcon.colcon_core.event_handler.log_command:Invoked command in '/home/prl/track_robot_ws/build/rslidar_msg' returned '0': CMAKE_PREFIX_PATH=${CMAKE_PREFIX_PATH}:/home/prl/track_robot_ws/install/track_robot_teleop:/opt/ros/foxy /usr/bin/cmake --install /home/prl/track_robot_ws/build/rslidar_msg
[8.894s] Level 1:colcon.colcon_core.environment:checking '/home/prl/track_robot_ws/install/rslidar_msg' for CMake config files
[8.895s] Level 1:colcon.colcon_core.shell:create_environment_hook('rslidar_msg', 'cmake_prefix_path')
[8.895s] INFO:colcon.colcon_core.shell:Creating environment hook '/home/prl/track_robot_ws/install/rslidar_msg/share/rslidar_msg/hook/cmake_prefix_path.ps1'
[8.896s] INFO:colcon.colcon_core.shell:Creating environment descriptor '/home/prl/track_robot_ws/install/rslidar_msg/share/rslidar_msg/hook/cmake_prefix_path.dsv'
[8.897s] INFO:colcon.colcon_core.shell:Creating environment hook '/home/prl/track_robot_ws/install/rslidar_msg/share/rslidar_msg/hook/cmake_prefix_path.sh'
[8.898s] Level 1:colcon.colcon_core.environment:checking '/home/prl/track_robot_ws/install/rslidar_msg/lib'
[8.898s] Level 1:colcon.colcon_core.shell:create_environment_hook('rslidar_msg', 'ld_library_path_lib')
[8.899s] INFO:colcon.colcon_core.shell:Creating environment hook '/home/prl/track_robot_ws/install/rslidar_msg/share/rslidar_msg/hook/ld_library_path_lib.ps1'
[8.899s] INFO:colcon.colcon_core.shell:Creating environment descriptor '/home/prl/track_robot_ws/install/rslidar_msg/share/rslidar_msg/hook/ld_library_path_lib.dsv'
[8.900s] INFO:colcon.colcon_core.shell:Creating environment hook '/home/prl/track_robot_ws/install/rslidar_msg/share/rslidar_msg/hook/ld_library_path_lib.sh'
[8.901s] Level 1:colcon.colcon_core.environment:checking '/home/prl/track_robot_ws/install/rslidar_msg/bin'
[8.901s] Level 1:colcon.colcon_core.environment:checking '/home/prl/track_robot_ws/install/rslidar_msg/lib/pkgconfig/rslidar_msg.pc'
[8.902s] Level 1:colcon.colcon_core.environment:checking '/home/prl/track_robot_ws/install/rslidar_msg/lib/python3.8/site-packages'
[8.902s] Level 1:colcon.colcon_core.shell:create_environment_hook('rslidar_msg', 'pythonpath')
[8.902s] INFO:colcon.colcon_core.shell:Creating environment hook '/home/prl/track_robot_ws/install/rslidar_msg/share/rslidar_msg/hook/pythonpath.ps1'
[8.903s] INFO:colcon.colcon_core.shell:Creating environment descriptor '/home/prl/track_robot_ws/install/rslidar_msg/share/rslidar_msg/hook/pythonpath.dsv'
[8.903s] INFO:colcon.colcon_core.shell:Creating environment hook '/home/prl/track_robot_ws/install/rslidar_msg/share/rslidar_msg/hook/pythonpath.sh'
[8.905s] Level 1:colcon.colcon_core.environment:checking '/home/prl/track_robot_ws/install/rslidar_msg/bin'
[8.905s] INFO:colcon.colcon_core.shell:Creating package script '/home/prl/track_robot_ws/install/rslidar_msg/share/rslidar_msg/package.ps1'
[8.906s] INFO:colcon.colcon_core.shell:Creating package descriptor '/home/prl/track_robot_ws/install/rslidar_msg/share/rslidar_msg/package.dsv'
[8.907s] INFO:colcon.colcon_core.shell:Creating package script '/home/prl/track_robot_ws/install/rslidar_msg/share/rslidar_msg/package.sh'
[8.908s] INFO:colcon.colcon_core.shell:Creating package script '/home/prl/track_robot_ws/install/rslidar_msg/share/rslidar_msg/package.bash'
[8.909s] INFO:colcon.colcon_core.shell:Creating package script '/home/prl/track_robot_ws/install/rslidar_msg/share/rslidar_msg/package.zsh'
[8.909s] Level 1:colcon.colcon_core.environment:create_file_with_runtime_dependencies(/home/prl/track_robot_ws/install/rslidar_msg/share/colcon-core/packages/rslidar_msg)
[8.910s] Level 1:colcon.colcon_core.environment:create_environment_scripts_only(rslidar_msg)
[8.911s] Level 1:colcon.colcon_core.environment:checking '/home/prl/track_robot_ws/install/rslidar_msg' for CMake module files
[8.912s] Level 1:colcon.colcon_core.environment:checking '/home/prl/track_robot_ws/install/rslidar_msg' for CMake config files
[8.912s] Level 1:colcon.colcon_core.shell:create_environment_hook('rslidar_msg', 'cmake_prefix_path')
[8.912s] INFO:colcon.colcon_core.shell:Creating environment hook '/home/prl/track_robot_ws/install/rslidar_msg/share/rslidar_msg/hook/cmake_prefix_path.ps1'
[8.913s] INFO:colcon.colcon_core.shell:Creating environment descriptor '/home/prl/track_robot_ws/install/rslidar_msg/share/rslidar_msg/hook/cmake_prefix_path.dsv'
[8.913s] INFO:colcon.colcon_core.shell:Creating environment hook '/home/prl/track_robot_ws/install/rslidar_msg/share/rslidar_msg/hook/cmake_prefix_path.sh'
[8.914s] Level 1:colcon.colcon_core.environment:checking '/home/prl/track_robot_ws/install/rslidar_msg/lib'
[8.914s] Level 1:colcon.colcon_core.shell:create_environment_hook('rslidar_msg', 'ld_library_path_lib')
[8.914s] INFO:colcon.colcon_core.shell:Creating environment hook '/home/prl/track_robot_ws/install/rslidar_msg/share/rslidar_msg/hook/ld_library_path_lib.ps1'
[8.915s] INFO:colcon.colcon_core.shell:Creating environment descriptor '/home/prl/track_robot_ws/install/rslidar_msg/share/rslidar_msg/hook/ld_library_path_lib.dsv'
[8.915s] INFO:colcon.colcon_core.shell:Creating environment hook '/home/prl/track_robot_ws/install/rslidar_msg/share/rslidar_msg/hook/ld_library_path_lib.sh'
[8.916s] Level 1:colcon.colcon_core.environment:checking '/home/prl/track_robot_ws/install/rslidar_msg/bin'
[8.916s] Level 1:colcon.colcon_core.environment:checking '/home/prl/track_robot_ws/install/rslidar_msg/lib/pkgconfig/rslidar_msg.pc'
[8.916s] Level 1:colcon.colcon_core.environment:checking '/home/prl/track_robot_ws/install/rslidar_msg/lib/python3.8/site-packages'
[8.916s] Level 1:colcon.colcon_core.shell:create_environment_hook('rslidar_msg', 'pythonpath')
[8.916s] INFO:colcon.colcon_core.shell:Creating environment hook '/home/prl/track_robot_ws/install/rslidar_msg/share/rslidar_msg/hook/pythonpath.ps1'
[8.917s] INFO:colcon.colcon_core.shell:Creating environment descriptor '/home/prl/track_robot_ws/install/rslidar_msg/share/rslidar_msg/hook/pythonpath.dsv'
[8.917s] INFO:colcon.colcon_core.shell:Creating environment hook '/home/prl/track_robot_ws/install/rslidar_msg/share/rslidar_msg/hook/pythonpath.sh'
[8.918s] Level 1:colcon.colcon_core.environment:checking '/home/prl/track_robot_ws/install/rslidar_msg/bin'
[8.919s] INFO:colcon.colcon_core.shell:Creating package script '/home/prl/track_robot_ws/install/rslidar_msg/share/rslidar_msg/package.ps1'
[8.920s] INFO:colcon.colcon_core.shell:Creating package descriptor '/home/prl/track_robot_ws/install/rslidar_msg/share/rslidar_msg/package.dsv'
[8.920s] INFO:colcon.colcon_core.shell:Creating package script '/home/prl/track_robot_ws/install/rslidar_msg/share/rslidar_msg/package.sh'
[8.921s] INFO:colcon.colcon_core.shell:Creating package script '/home/prl/track_robot_ws/install/rslidar_msg/share/rslidar_msg/package.bash'
[8.921s] INFO:colcon.colcon_core.shell:Creating package script '/home/prl/track_robot_ws/install/rslidar_msg/share/rslidar_msg/package.zsh'
[8.922s] Level 1:colcon.colcon_core.environment:create_file_with_runtime_dependencies(/home/prl/track_robot_ws/install/rslidar_msg/share/colcon-core/packages/rslidar_msg)
[8.922s] INFO:colcon.colcon_ros.task.ament_cmake.build:Building ROS package in '/home/prl/track_robot_ws/src/third_party_ros/rslidar_ros2/rslidar_sdk' with build type 'ament_cmake'
[8.923s] INFO:colcon.colcon_cmake.task.cmake.build:Building CMake package in '/home/prl/track_robot_ws/src/third_party_ros/rslidar_ros2/rslidar_sdk'
[8.923s] INFO:colcon.colcon_core.shell:Skip shell extension 'powershell' for command environment: Not usable outside of PowerShell
[8.923s] DEBUG:colcon.colcon_core.shell:Skip shell extension 'dsv' for command environment
[8.939s] DEBUG:colcon.colcon_core.event_handler.log_command:Invoking command in '/home/prl/track_robot_ws/build/rslidar_sdk': CMAKE_PREFIX_PATH=/home/prl/track_robot_ws/install/rslidar_msg:/home/prl/track_robot_ws/install/bunker_base:/home/prl/track_robot_ws/install/ugv_sdk:/home/prl/track_robot_ws/install/track_robot_control:/home/prl/track_robot_ws/install/track_robot_interfaces:/home/prl/track_robot_ws/install/track_robot_drivers:/home/prl/track_robot_ws/install/track_robot_core:/home/prl/track_robot_ws/install/track_robot_bringup:/home/prl/track_robot_ws/install/rslidar_sdk:/home/prl/track_robot_ws/install/bunker_msgs:/home/prl/track_robot_ws/install/track_robot_teleop:/opt/ros/foxy PYTHONPATH=/home/prl/track_robot_ws/install/rslidar_msg/lib/python3.8/site-packages:/home/prl/track_robot_ws/build/track_robot_teleop:/home/prl/track_robot_ws/install/track_robot_teleop/lib/python3.8/site-packages:/home/prl/track_robot_ws/install/bunker_msgs/lib/python3.8/site-packages:/opt/ros/foxy/lib/python3.8/site-packages /usr/bin/cmake /home/prl/track_robot_ws/src/third_party_ros/rslidar_ros2/rslidar_sdk -DAMENT_CMAKE_SYMLINK_INSTALL=1 -DCMAKE_INSTALL_PREFIX=/home/prl/track_robot_ws/install/rslidar_sdk
[8.982s] DEBUG:colcon.colcon_core.event_handler.log_command:Invoked command in '/home/prl/track_robot_ws/build/bunker_msgs' returned '0': CMAKE_PREFIX_PATH=${CMAKE_PREFIX_PATH}:/home/prl/track_robot_ws/install/track_robot_teleop:/opt/ros/foxy /usr/bin/cmake --build /home/prl/track_robot_ws/build/bunker_msgs -- -j16 -l16
[8.986s] DEBUG:colcon.colcon_core.event_handler.log_command:Invoking command in '/home/prl/track_robot_ws/build/bunker_msgs': CMAKE_PREFIX_PATH=${CMAKE_PREFIX_PATH}:/home/prl/track_robot_ws/install/track_robot_teleop:/opt/ros/foxy /usr/bin/cmake --install /home/prl/track_robot_ws/build/bunker_msgs
[9.896s] Level 1:colcon.colcon_core.environment:create_environment_scripts_only(bunker_msgs)
[9.897s] Level 1:colcon.colcon_core.environment:checking '/home/prl/track_robot_ws/install/bunker_msgs' for CMake module files
[9.897s] DEBUG:colcon.colcon_core.event_handler.log_command:Invoked command in '/home/prl/track_robot_ws/build/bunker_msgs' returned '0': CMAKE_PREFIX_PATH=${CMAKE_PREFIX_PATH}:/home/prl/track_robot_ws/install/track_robot_teleop:/opt/ros/foxy /usr/bin/cmake --install /home/prl/track_robot_ws/build/bunker_msgs
[9.898s] Level 1:colcon.colcon_core.environment:checking '/home/prl/track_robot_ws/install/bunker_msgs' for CMake config files
[9.898s] Level 1:colcon.colcon_core.shell:create_environment_hook('bunker_msgs', 'cmake_prefix_path')
[9.898s] INFO:colcon.colcon_core.shell:Creating environment hook '/home/prl/track_robot_ws/install/bunker_msgs/share/bunker_msgs/hook/cmake_prefix_path.ps1'
[9.899s] INFO:colcon.colcon_core.shell:Creating environment descriptor '/home/prl/track_robot_ws/install/bunker_msgs/share/bunker_msgs/hook/cmake_prefix_path.dsv'
[9.899s] INFO:colcon.colcon_core.shell:Creating environment hook '/home/prl/track_robot_ws/install/bunker_msgs/share/bunker_msgs/hook/cmake_prefix_path.sh'
[9.900s] Level 1:colcon.colcon_core.environment:checking '/home/prl/track_robot_ws/install/bunker_msgs/lib'
[9.900s] Level 1:colcon.colcon_core.shell:create_environment_hook('bunker_msgs', 'ld_library_path_lib')
[9.900s] INFO:colcon.colcon_core.shell:Creating environment hook '/home/prl/track_robot_ws/install/bunker_msgs/share/bunker_msgs/hook/ld_library_path_lib.ps1'
[9.901s] INFO:colcon.colcon_core.shell:Creating environment descriptor '/home/prl/track_robot_ws/install/bunker_msgs/share/bunker_msgs/hook/ld_library_path_lib.dsv'
[9.901s] INFO:colcon.colcon_core.shell:Creating environment hook '/home/prl/track_robot_ws/install/bunker_msgs/share/bunker_msgs/hook/ld_library_path_lib.sh'
[9.901s] Level 1:colcon.colcon_core.environment:checking '/home/prl/track_robot_ws/install/bunker_msgs/bin'
[9.902s] Level 1:colcon.colcon_core.environment:checking '/home/prl/track_robot_ws/install/bunker_msgs/lib/pkgconfig/bunker_msgs.pc'
[9.902s] Level 1:colcon.colcon_core.environment:checking '/home/prl/track_robot_ws/install/bunker_msgs/lib/python3.8/site-packages'
[9.902s] Level 1:colcon.colcon_core.shell:create_environment_hook('bunker_msgs', 'pythonpath')
[9.902s] INFO:colcon.colcon_core.shell:Creating environment hook '/home/prl/track_robot_ws/install/bunker_msgs/share/bunker_msgs/hook/pythonpath.ps1'
[9.902s] INFO:colcon.colcon_core.shell:Creating environment descriptor '/home/prl/track_robot_ws/install/bunker_msgs/share/bunker_msgs/hook/pythonpath.dsv'
[9.903s] INFO:colcon.colcon_core.shell:Creating environment hook '/home/prl/track_robot_ws/install/bunker_msgs/share/bunker_msgs/hook/pythonpath.sh'
[9.903s] Level 1:colcon.colcon_core.environment:checking '/home/prl/track_robot_ws/install/bunker_msgs/bin'
[9.904s] INFO:colcon.colcon_core.shell:Creating package script '/home/prl/track_robot_ws/install/bunker_msgs/share/bunker_msgs/package.ps1'
[9.904s] INFO:colcon.colcon_core.shell:Creating package descriptor '/home/prl/track_robot_ws/install/bunker_msgs/share/bunker_msgs/package.dsv'
[9.905s] INFO:colcon.colcon_core.shell:Creating package script '/home/prl/track_robot_ws/install/bunker_msgs/share/bunker_msgs/package.sh'
[9.905s] INFO:colcon.colcon_core.shell:Creating package script '/home/prl/track_robot_ws/install/bunker_msgs/share/bunker_msgs/package.bash'
[9.906s] INFO:colcon.colcon_core.shell:Creating package script '/home/prl/track_robot_ws/install/bunker_msgs/share/bunker_msgs/package.zsh'
[9.906s] Level 1:colcon.colcon_core.environment:create_file_with_runtime_dependencies(/home/prl/track_robot_ws/install/bunker_msgs/share/colcon-core/packages/bunker_msgs)
[9.907s] Level 1:colcon.colcon_core.environment:create_environment_scripts_only(bunker_msgs)
[9.907s] Level 1:colcon.colcon_core.environment:checking '/home/prl/track_robot_ws/install/bunker_msgs' for CMake module files
[9.908s] Level 1:colcon.colcon_core.environment:checking '/home/prl/track_robot_ws/install/bunker_msgs' for CMake config files
[9.908s] Level 1:colcon.colcon_core.shell:create_environment_hook('bunker_msgs', 'cmake_prefix_path')
[9.908s] INFO:colcon.colcon_core.shell:Creating environment hook '/home/prl/track_robot_ws/install/bunker_msgs/share/bunker_msgs/hook/cmake_prefix_path.ps1'
[9.909s] INFO:colcon.colcon_core.shell:Creating environment descriptor '/home/prl/track_robot_ws/install/bunker_msgs/share/bunker_msgs/hook/cmake_prefix_path.dsv'
[9.909s] INFO:colcon.colcon_core.shell:Creating environment hook '/home/prl/track_robot_ws/install/bunker_msgs/share/bunker_msgs/hook/cmake_prefix_path.sh'
[9.910s] Level 1:colcon.colcon_core.environment:checking '/home/prl/track_robot_ws/install/bunker_msgs/lib'
[9.910s] Level 1:colcon.colcon_core.shell:create_environment_hook('bunker_msgs', 'ld_library_path_lib')
[9.910s] INFO:colcon.colcon_core.shell:Creating environment hook '/home/prl/track_robot_ws/install/bunker_msgs/share/bunker_msgs/hook/ld_library_path_lib.ps1'
[9.910s] INFO:colcon.colcon_core.shell:Creating environment descriptor '/home/prl/track_robot_ws/install/bunker_msgs/share/bunker_msgs/hook/ld_library_path_lib.dsv'
[9.911s] INFO:colcon.colcon_core.shell:Creating environment hook '/home/prl/track_robot_ws/install/bunker_msgs/share/bunker_msgs/hook/ld_library_path_lib.sh'
[9.911s] Level 1:colcon.colcon_core.environment:checking '/home/prl/track_robot_ws/install/bunker_msgs/bin'
[9.911s] Level 1:colcon.colcon_core.environment:checking '/home/prl/track_robot_ws/install/bunker_msgs/lib/pkgconfig/bunker_msgs.pc'
[9.911s] Level 1:colcon.colcon_core.environment:checking '/home/prl/track_robot_ws/install/bunker_msgs/lib/python3.8/site-packages'
[9.911s] Level 1:colcon.colcon_core.shell:create_environment_hook('bunker_msgs', 'pythonpath')
[9.912s] INFO:colcon.colcon_core.shell:Creating environment hook '/home/prl/track_robot_ws/install/bunker_msgs/share/bunker_msgs/hook/pythonpath.ps1'
[9.912s] INFO:colcon.colcon_core.shell:Creating environment descriptor '/home/prl/track_robot_ws/install/bunker_msgs/share/bunker_msgs/hook/pythonpath.dsv'
[9.912s] INFO:colcon.colcon_core.shell:Creating environment hook '/home/prl/track_robot_ws/install/bunker_msgs/share/bunker_msgs/hook/pythonpath.sh'
[9.913s] Level 1:colcon.colcon_core.environment:checking '/home/prl/track_robot_ws/install/bunker_msgs/bin'
[9.913s] INFO:colcon.colcon_core.shell:Creating package script '/home/prl/track_robot_ws/install/bunker_msgs/share/bunker_msgs/package.ps1'
[9.914s] INFO:colcon.colcon_core.shell:Creating package descriptor '/home/prl/track_robot_ws/install/bunker_msgs/share/bunker_msgs/package.dsv'
[9.914s] INFO:colcon.colcon_core.shell:Creating package script '/home/prl/track_robot_ws/install/bunker_msgs/share/bunker_msgs/package.sh'
[9.915s] INFO:colcon.colcon_core.shell:Creating package script '/home/prl/track_robot_ws/install/bunker_msgs/share/bunker_msgs/package.bash'
[9.915s] INFO:colcon.colcon_core.shell:Creating package script '/home/prl/track_robot_ws/install/bunker_msgs/share/bunker_msgs/package.zsh'
[9.916s] Level 1:colcon.colcon_core.environment:create_file_with_runtime_dependencies(/home/prl/track_robot_ws/install/bunker_msgs/share/colcon-core/packages/bunker_msgs)
[9.962s] DEBUG:colcon.colcon_core.event_handler.log_command:Invoked command in '/home/prl/track_robot_ws/build/ugv_sdk' returned '0': /usr/bin/cmake --build /home/prl/track_robot_ws/build/ugv_sdk -- -j16 -l16
[9.965s] DEBUG:colcon.colcon_core.event_handler.log_command:Invoking command in '/home/prl/track_robot_ws/build/ugv_sdk': /usr/bin/cmake --install /home/prl/track_robot_ws/build/ugv_sdk
[9.983s] DEBUG:colcon.colcon_core.event_handler.log_command:Invoked command in '/home/prl/track_robot_ws/build/ugv_sdk' returned '0': /usr/bin/cmake --install /home/prl/track_robot_ws/build/ugv_sdk
[9.984s] Level 1:colcon.colcon_core.shell:create_environment_hook('ugv_sdk', 'ros_package_path')
[9.985s] INFO:colcon.colcon_core.shell:Creating environment hook '/home/prl/track_robot_ws/install/ugv_sdk/share/ugv_sdk/hook/ros_package_path.ps1'
[9.985s] INFO:colcon.colcon_core.shell:Creating environment descriptor '/home/prl/track_robot_ws/install/ugv_sdk/share/ugv_sdk/hook/ros_package_path.dsv'
[9.986s] INFO:colcon.colcon_core.shell:Creating environment hook '/home/prl/track_robot_ws/install/ugv_sdk/share/ugv_sdk/hook/ros_package_path.sh'
[9.987s] Level 1:colcon.colcon_core.shell:create_environment_hook('ugv_sdk', 'pkg_config_path')
[9.987s] INFO:colcon.colcon_core.shell:Creating environment hook '/home/prl/track_robot_ws/install/ugv_sdk/share/ugv_sdk/hook/pkg_config_path.ps1'
[9.988s] INFO:colcon.colcon_core.shell:Creating environment descriptor '/home/prl/track_robot_ws/install/ugv_sdk/share/ugv_sdk/hook/pkg_config_path.dsv'
[9.988s] INFO:colcon.colcon_core.shell:Creating environment hook '/home/prl/track_robot_ws/install/ugv_sdk/share/ugv_sdk/hook/pkg_config_path.sh'
[9.992s] Level 1:colcon.colcon_core.shell:create_environment_hook('ugv_sdk', 'pkg_config_path_multiarch')
[9.993s] INFO:colcon.colcon_core.shell:Creating environment hook '/home/prl/track_robot_ws/install/ugv_sdk/share/ugv_sdk/hook/pkg_config_path_multiarch.ps1'
[9.993s] INFO:colcon.colcon_core.shell:Creating environment descriptor '/home/prl/track_robot_ws/install/ugv_sdk/share/ugv_sdk/hook/pkg_config_path_multiarch.dsv'
[9.994s] INFO:colcon.colcon_core.shell:Creating environment hook '/home/prl/track_robot_ws/install/ugv_sdk/share/ugv_sdk/hook/pkg_config_path_multiarch.sh'
[9.995s] Level 1:colcon.colcon_core.environment:create_environment_scripts_only(ugv_sdk)
[9.996s] Level 1:colcon.colcon_core.environment:checking '/home/prl/track_robot_ws/install/ugv_sdk' for CMake module files
[9.996s] Level 1:colcon.colcon_core.environment:checking '/home/prl/track_robot_ws/install/ugv_sdk' for CMake config files
[9.996s] Level 1:colcon.colcon_core.shell:create_environment_hook('ugv_sdk', 'cmake_prefix_path')
[9.996s] INFO:colcon.colcon_core.shell:Creating environment hook '/home/prl/track_robot_ws/install/ugv_sdk/share/ugv_sdk/hook/cmake_prefix_path.ps1'
[9.997s] INFO:colcon.colcon_core.shell:Creating environment descriptor '/home/prl/track_robot_ws/install/ugv_sdk/share/ugv_sdk/hook/cmake_prefix_path.dsv'
[9.997s] INFO:colcon.colcon_core.shell:Creating environment hook '/home/prl/track_robot_ws/install/ugv_sdk/share/ugv_sdk/hook/cmake_prefix_path.sh'
[9.998s] Level 1:colcon.colcon_core.environment:checking '/home/prl/track_robot_ws/install/ugv_sdk/lib'
[9.998s] Level 1:colcon.colcon_core.environment:checking '/home/prl/track_robot_ws/install/ugv_sdk/bin'
[9.998s] Level 1:colcon.colcon_core.environment:checking '/home/prl/track_robot_ws/install/ugv_sdk/lib/pkgconfig/ugv_sdk.pc'
[9.998s] Level 1:colcon.colcon_core.environment:checking '/home/prl/track_robot_ws/install/ugv_sdk/lib/python3.8/site-packages'
[9.998s] Level 1:colcon.colcon_core.environment:checking '/home/prl/track_robot_ws/install/ugv_sdk/bin'
[9.999s] INFO:colcon.colcon_core.shell:Creating package script '/home/prl/track_robot_ws/install/ugv_sdk/share/ugv_sdk/package.ps1'
[10.000s] INFO:colcon.colcon_core.shell:Creating package descriptor '/home/prl/track_robot_ws/install/ugv_sdk/share/ugv_sdk/package.dsv'
[10.000s] INFO:colcon.colcon_core.shell:Creating package script '/home/prl/track_robot_ws/install/ugv_sdk/share/ugv_sdk/package.sh'
[10.001s] INFO:colcon.colcon_core.shell:Creating package script '/home/prl/track_robot_ws/install/ugv_sdk/share/ugv_sdk/package.bash'
[10.001s] INFO:colcon.colcon_core.shell:Creating package script '/home/prl/track_robot_ws/install/ugv_sdk/share/ugv_sdk/package.zsh'
[10.001s] Level 1:colcon.colcon_core.environment:create_file_with_runtime_dependencies(/home/prl/track_robot_ws/install/ugv_sdk/share/colcon-core/packages/ugv_sdk)
[10.002s] INFO:colcon.colcon_ros.task.ament_cmake.build:Building ROS package in '/home/prl/track_robot_ws/src/third_party_ros/bunker_ros2/bunker_base' with build type 'ament_cmake'
[10.002s] INFO:colcon.colcon_cmake.task.cmake.build:Building CMake package in '/home/prl/track_robot_ws/src/third_party_ros/bunker_ros2/bunker_base'
[10.003s] INFO:colcon.colcon_core.shell:Skip shell extension 'powershell' for command environment: Not usable outside of PowerShell
[10.003s] DEBUG:colcon.colcon_core.shell:Skip shell extension 'dsv' for command environment
[10.015s] DEBUG:colcon.colcon_core.event_handler.log_command:Invoking command in '/home/prl/track_robot_ws/build/bunker_base': CMAKE_PREFIX_PATH=/home/prl/track_robot_ws/install/track_robot_teleop:/opt/ros/foxy:/home/prl/track_robot_ws/install/ugv_sdk:/home/prl/track_robot_ws/install/bunker_msgs:/home/prl/track_robot_ws/install/bunker_base:/home/prl/track_robot_ws/install/track_robot_control:/home/prl/track_robot_ws/install/track_robot_interfaces:/home/prl/track_robot_ws/install/track_robot_drivers:/home/prl/track_robot_ws/install/track_robot_core:/home/prl/track_robot_ws/install/track_robot_bringup:/home/prl/track_robot_ws/install/rslidar_sdk:/home/prl/track_robot_ws/install/rslidar_msg LD_LIBRARY_PATH=/home/prl/track_robot_ws/install/bunker_msgs/lib:/home/prl/track_robot_ws/install/rslidar_msg/lib:/opt/ros/foxy/opt/yaml_cpp_vendor/lib:/opt/ros/foxy/opt/rviz_ogre_vendor/lib:/opt/ros/foxy/lib/x86_64-linux-gnu:/opt/ros/foxy/lib PYTHONPATH=/home/prl/track_robot_ws/install/bunker_msgs/lib/python3.8/site-packages:/home/prl/track_robot_ws/build/track_robot_teleop:/home/prl/track_robot_ws/install/track_robot_teleop/lib/python3.8/site-packages:/home/prl/track_robot_ws/install/rslidar_msg/lib/python3.8/site-packages:/opt/ros/foxy/lib/python3.8/site-packages /usr/bin/cmake /home/prl/track_robot_ws/src/third_party_ros/bunker_ros2/bunker_base -DAMENT_CMAKE_SYMLINK_INSTALL=1 -DCMAKE_INSTALL_PREFIX=/home/prl/track_robot_ws/install/bunker_base
[10.717s] DEBUG:colcon.colcon_core.event_handler.log_command:Invoked command in '/home/prl/track_robot_ws/build/rslidar_sdk' returned '0': CMAKE_PREFIX_PATH=/home/prl/track_robot_ws/install/rslidar_msg:/home/prl/track_robot_ws/install/bunker_base:/home/prl/track_robot_ws/install/ugv_sdk:/home/prl/track_robot_ws/install/track_robot_control:/home/prl/track_robot_ws/install/track_robot_interfaces:/home/prl/track_robot_ws/install/track_robot_drivers:/home/prl/track_robot_ws/install/track_robot_core:/home/prl/track_robot_ws/install/track_robot_bringup:/home/prl/track_robot_ws/install/rslidar_sdk:/home/prl/track_robot_ws/install/bunker_msgs:/home/prl/track_robot_ws/install/track_robot_teleop:/opt/ros/foxy PYTHONPATH=/home/prl/track_robot_ws/install/rslidar_msg/lib/python3.8/site-packages:/home/prl/track_robot_ws/build/track_robot_teleop:/home/prl/track_robot_ws/install/track_robot_teleop/lib/python3.8/site-packages:/home/prl/track_robot_ws/install/bunker_msgs/lib/python3.8/site-packages:/opt/ros/foxy/lib/python3.8/site-packages /usr/bin/cmake /home/prl/track_robot_ws/src/third_party_ros/rslidar_ros2/rslidar_sdk -DAMENT_CMAKE_SYMLINK_INSTALL=1 -DCMAKE_INSTALL_PREFIX=/home/prl/track_robot_ws/install/rslidar_sdk
[10.719s] DEBUG:colcon.colcon_core.event_handler.log_command:Invoking command in '/home/prl/track_robot_ws/build/rslidar_sdk': CMAKE_PREFIX_PATH=/home/prl/track_robot_ws/install/rslidar_msg:/home/prl/track_robot_ws/install/bunker_base:/home/prl/track_robot_ws/install/ugv_sdk:/home/prl/track_robot_ws/install/track_robot_control:/home/prl/track_robot_ws/install/track_robot_interfaces:/home/prl/track_robot_ws/install/track_robot_drivers:/home/prl/track_robot_ws/install/track_robot_core:/home/prl/track_robot_ws/install/track_robot_bringup:/home/prl/track_robot_ws/install/rslidar_sdk:/home/prl/track_robot_ws/install/bunker_msgs:/home/prl/track_robot_ws/install/track_robot_teleop:/opt/ros/foxy PYTHONPATH=/home/prl/track_robot_ws/install/rslidar_msg/lib/python3.8/site-packages:/home/prl/track_robot_ws/build/track_robot_teleop:/home/prl/track_robot_ws/install/track_robot_teleop/lib/python3.8/site-packages:/home/prl/track_robot_ws/install/bunker_msgs/lib/python3.8/site-packages:/opt/ros/foxy/lib/python3.8/site-packages /usr/bin/cmake --build /home/prl/track_robot_ws/build/rslidar_sdk -- -j16 -l16
[11.198s] DEBUG:colcon.colcon_core.event_handler.log_command:Invoked command in '/home/prl/track_robot_ws/build/track_robot_core' returned '0': CMAKE_PREFIX_PATH=${CMAKE_PREFIX_PATH}:/home/prl/track_robot_ws/install/track_robot_teleop:/opt/ros/foxy /usr/bin/cmake --build /home/prl/track_robot_ws/build/track_robot_core -- -j16 -l16
[11.201s] DEBUG:colcon.colcon_core.event_handler.log_command:Invoking command in '/home/prl/track_robot_ws/build/track_robot_core': CMAKE_PREFIX_PATH=${CMAKE_PREFIX_PATH}:/home/prl/track_robot_ws/install/track_robot_teleop:/opt/ros/foxy /usr/bin/cmake --install /home/prl/track_robot_ws/build/track_robot_core
[11.347s] Level 1:colcon.colcon_core.environment:create_environment_scripts_only(track_robot_core)
[11.347s] Level 1:colcon.colcon_core.environment:checking '/home/prl/track_robot_ws/install/track_robot_core' for CMake module files
[11.348s] DEBUG:colcon.colcon_core.event_handler.log_command:Invoked command in '/home/prl/track_robot_ws/build/track_robot_core' returned '0': CMAKE_PREFIX_PATH=${CMAKE_PREFIX_PATH}:/home/prl/track_robot_ws/install/track_robot_teleop:/opt/ros/foxy /usr/bin/cmake --install /home/prl/track_robot_ws/build/track_robot_core
[11.348s] Level 1:colcon.colcon_core.environment:checking '/home/prl/track_robot_ws/install/track_robot_core' for CMake config files
[11.348s] Level 1:colcon.colcon_core.shell:create_environment_hook('track_robot_core', 'cmake_prefix_path')
[11.349s] INFO:colcon.colcon_core.shell:Creating environment hook '/home/prl/track_robot_ws/install/track_robot_core/share/track_robot_core/hook/cmake_prefix_path.ps1'
[11.349s] INFO:colcon.colcon_core.shell:Creating environment descriptor '/home/prl/track_robot_ws/install/track_robot_core/share/track_robot_core/hook/cmake_prefix_path.dsv'
[11.349s] INFO:colcon.colcon_core.shell:Creating environment hook '/home/prl/track_robot_ws/install/track_robot_core/share/track_robot_core/hook/cmake_prefix_path.sh'
[11.350s] Level 1:colcon.colcon_core.environment:checking '/home/prl/track_robot_ws/install/track_robot_core/lib'
[11.350s] Level 1:colcon.colcon_core.environment:checking '/home/prl/track_robot_ws/install/track_robot_core/bin'
[11.350s] Level 1:colcon.colcon_core.environment:checking '/home/prl/track_robot_ws/install/track_robot_core/lib/pkgconfig/track_robot_core.pc'
[11.350s] Level 1:colcon.colcon_core.environment:checking '/home/prl/track_robot_ws/install/track_robot_core/lib/python3.8/site-packages'
[11.350s] Level 1:colcon.colcon_core.environment:checking '/home/prl/track_robot_ws/install/track_robot_core/bin'
[11.351s] INFO:colcon.colcon_core.shell:Creating package script '/home/prl/track_robot_ws/install/track_robot_core/share/track_robot_core/package.ps1'
[11.351s] INFO:colcon.colcon_core.shell:Creating package descriptor '/home/prl/track_robot_ws/install/track_robot_core/share/track_robot_core/package.dsv'
[11.351s] INFO:colcon.colcon_core.shell:Creating package script '/home/prl/track_robot_ws/install/track_robot_core/share/track_robot_core/package.sh'
[11.352s] INFO:colcon.colcon_core.shell:Creating package script '/home/prl/track_robot_ws/install/track_robot_core/share/track_robot_core/package.bash'
[11.352s] INFO:colcon.colcon_core.shell:Creating package script '/home/prl/track_robot_ws/install/track_robot_core/share/track_robot_core/package.zsh'
[11.352s] Level 1:colcon.colcon_core.environment:create_file_with_runtime_dependencies(/home/prl/track_robot_ws/install/track_robot_core/share/colcon-core/packages/track_robot_core)
[11.353s] Level 1:colcon.colcon_core.environment:create_environment_scripts_only(track_robot_core)
[11.353s] Level 1:colcon.colcon_core.environment:checking '/home/prl/track_robot_ws/install/track_robot_core' for CMake module files
[11.354s] Level 1:colcon.colcon_core.environment:checking '/home/prl/track_robot_ws/install/track_robot_core' for CMake config files
[11.354s] Level 1:colcon.colcon_core.shell:create_environment_hook('track_robot_core', 'cmake_prefix_path')
[11.354s] INFO:colcon.colcon_core.shell:Creating environment hook '/home/prl/track_robot_ws/install/track_robot_core/share/track_robot_core/hook/cmake_prefix_path.ps1'
[11.355s] INFO:colcon.colcon_core.shell:Creating environment descriptor '/home/prl/track_robot_ws/install/track_robot_core/share/track_robot_core/hook/cmake_prefix_path.dsv'
[11.355s] INFO:colcon.colcon_core.shell:Creating environment hook '/home/prl/track_robot_ws/install/track_robot_core/share/track_robot_core/hook/cmake_prefix_path.sh'
[11.356s] Level 1:colcon.colcon_core.environment:checking '/home/prl/track_robot_ws/install/track_robot_core/lib'
[11.356s] Level 1:colcon.colcon_core.environment:checking '/home/prl/track_robot_ws/install/track_robot_core/bin'
[11.356s] Level 1:colcon.colcon_core.environment:checking '/home/prl/track_robot_ws/install/track_robot_core/lib/pkgconfig/track_robot_core.pc'
[11.356s] Level 1:colcon.colcon_core.environment:checking '/home/prl/track_robot_ws/install/track_robot_core/lib/python3.8/site-packages'
[11.356s] Level 1:colcon.colcon_core.environment:checking '/home/prl/track_robot_ws/install/track_robot_core/bin'
[11.357s] INFO:colcon.colcon_core.shell:Creating package script '/home/prl/track_robot_ws/install/track_robot_core/share/track_robot_core/package.ps1'
[11.357s] INFO:colcon.colcon_core.shell:Creating package descriptor '/home/prl/track_robot_ws/install/track_robot_core/share/track_robot_core/package.dsv'
[11.358s] INFO:colcon.colcon_core.shell:Creating package script '/home/prl/track_robot_ws/install/track_robot_core/share/track_robot_core/package.sh'
[11.358s] INFO:colcon.colcon_core.shell:Creating package script '/home/prl/track_robot_ws/install/track_robot_core/share/track_robot_core/package.bash'
[11.358s] INFO:colcon.colcon_core.shell:Creating package script '/home/prl/track_robot_ws/install/track_robot_core/share/track_robot_core/package.zsh'
[11.359s] Level 1:colcon.colcon_core.environment:create_file_with_runtime_dependencies(/home/prl/track_robot_ws/install/track_robot_core/share/colcon-core/packages/track_robot_core)
[12.081s] DEBUG:colcon.colcon_core.event_handler.log_command:Invoked command in '/home/prl/track_robot_ws/build/bunker_base' returned '0': CMAKE_PREFIX_PATH=/home/prl/track_robot_ws/install/track_robot_teleop:/opt/ros/foxy:/home/prl/track_robot_ws/install/ugv_sdk:/home/prl/track_robot_ws/install/bunker_msgs:/home/prl/track_robot_ws/install/bunker_base:/home/prl/track_robot_ws/install/track_robot_control:/home/prl/track_robot_ws/install/track_robot_interfaces:/home/prl/track_robot_ws/install/track_robot_drivers:/home/prl/track_robot_ws/install/track_robot_core:/home/prl/track_robot_ws/install/track_robot_bringup:/home/prl/track_robot_ws/install/rslidar_sdk:/home/prl/track_robot_ws/install/rslidar_msg LD_LIBRARY_PATH=/home/prl/track_robot_ws/install/bunker_msgs/lib:/home/prl/track_robot_ws/install/rslidar_msg/lib:/opt/ros/foxy/opt/yaml_cpp_vendor/lib:/opt/ros/foxy/opt/rviz_ogre_vendor/lib:/opt/ros/foxy/lib/x86_64-linux-gnu:/opt/ros/foxy/lib PYTHONPATH=/home/prl/track_robot_ws/install/bunker_msgs/lib/python3.8/site-packages:/home/prl/track_robot_ws/build/track_robot_teleop:/home/prl/track_robot_ws/install/track_robot_teleop/lib/python3.8/site-packages:/home/prl/track_robot_ws/install/rslidar_msg/lib/python3.8/site-packages:/opt/ros/foxy/lib/python3.8/site-packages /usr/bin/cmake /home/prl/track_robot_ws/src/third_party_ros/bunker_ros2/bunker_base -DAMENT_CMAKE_SYMLINK_INSTALL=1 -DCMAKE_INSTALL_PREFIX=/home/prl/track_robot_ws/install/bunker_base
[12.084s] DEBUG:colcon.colcon_core.event_handler.log_command:Invoking command in '/home/prl/track_robot_ws/build/bunker_base': CMAKE_PREFIX_PATH=/home/prl/track_robot_ws/install/track_robot_teleop:/opt/ros/foxy:/home/prl/track_robot_ws/install/ugv_sdk:/home/prl/track_robot_ws/install/bunker_msgs:/home/prl/track_robot_ws/install/bunker_base:/home/prl/track_robot_ws/install/track_robot_control:/home/prl/track_robot_ws/install/track_robot_interfaces:/home/prl/track_robot_ws/install/track_robot_drivers:/home/prl/track_robot_ws/install/track_robot_core:/home/prl/track_robot_ws/install/track_robot_bringup:/home/prl/track_robot_ws/install/rslidar_sdk:/home/prl/track_robot_ws/install/rslidar_msg LD_LIBRARY_PATH=/home/prl/track_robot_ws/install/bunker_msgs/lib:/home/prl/track_robot_ws/install/rslidar_msg/lib:/opt/ros/foxy/opt/yaml_cpp_vendor/lib:/opt/ros/foxy/opt/rviz_ogre_vendor/lib:/opt/ros/foxy/lib/x86_64-linux-gnu:/opt/ros/foxy/lib PYTHONPATH=/home/prl/track_robot_ws/install/bunker_msgs/lib/python3.8/site-packages:/home/prl/track_robot_ws/build/track_robot_teleop:/home/prl/track_robot_ws/install/track_robot_teleop/lib/python3.8/site-packages:/home/prl/track_robot_ws/install/rslidar_msg/lib/python3.8/site-packages:/opt/ros/foxy/lib/python3.8/site-packages /usr/bin/cmake --build /home/prl/track_robot_ws/build/bunker_base -- -j16 -l16
[18.976s] DEBUG:colcon.colcon_core.event_handler.log_command:Invoked command in '/home/prl/track_robot_ws/build/bunker_base' returned '0': CMAKE_PREFIX_PATH=/home/prl/track_robot_ws/install/track_robot_teleop:/opt/ros/foxy:/home/prl/track_robot_ws/install/ugv_sdk:/home/prl/track_robot_ws/install/bunker_msgs:/home/prl/track_robot_ws/install/bunker_base:/home/prl/track_robot_ws/install/track_robot_control:/home/prl/track_robot_ws/install/track_robot_interfaces:/home/prl/track_robot_ws/install/track_robot_drivers:/home/prl/track_robot_ws/install/track_robot_core:/home/prl/track_robot_ws/install/track_robot_bringup:/home/prl/track_robot_ws/install/rslidar_sdk:/home/prl/track_robot_ws/install/rslidar_msg LD_LIBRARY_PATH=/home/prl/track_robot_ws/install/bunker_msgs/lib:/home/prl/track_robot_ws/install/rslidar_msg/lib:/opt/ros/foxy/opt/yaml_cpp_vendor/lib:/opt/ros/foxy/opt/rviz_ogre_vendor/lib:/opt/ros/foxy/lib/x86_64-linux-gnu:/opt/ros/foxy/lib PYTHONPATH=/home/prl/track_robot_ws/install/bunker_msgs/lib/python3.8/site-packages:/home/prl/track_robot_ws/build/track_robot_teleop:/home/prl/track_robot_ws/install/track_robot_teleop/lib/python3.8/site-packages:/home/prl/track_robot_ws/install/rslidar_msg/lib/python3.8/site-packages:/opt/ros/foxy/lib/python3.8/site-packages /usr/bin/cmake --build /home/prl/track_robot_ws/build/bunker_base -- -j16 -l16
[18.979s] DEBUG:colcon.colcon_core.event_handler.log_command:Invoking command in '/home/prl/track_robot_ws/build/bunker_base': CMAKE_PREFIX_PATH=/home/prl/track_robot_ws/install/track_robot_teleop:/opt/ros/foxy:/home/prl/track_robot_ws/install/ugv_sdk:/home/prl/track_robot_ws/install/bunker_msgs:/home/prl/track_robot_ws/install/bunker_base:/home/prl/track_robot_ws/install/track_robot_control:/home/prl/track_robot_ws/install/track_robot_interfaces:/home/prl/track_robot_ws/install/track_robot_drivers:/home/prl/track_robot_ws/install/track_robot_core:/home/prl/track_robot_ws/install/track_robot_bringup:/home/prl/track_robot_ws/install/rslidar_sdk:/home/prl/track_robot_ws/install/rslidar_msg LD_LIBRARY_PATH=/home/prl/track_robot_ws/install/bunker_msgs/lib:/home/prl/track_robot_ws/install/rslidar_msg/lib:/opt/ros/foxy/opt/yaml_cpp_vendor/lib:/opt/ros/foxy/opt/rviz_ogre_vendor/lib:/opt/ros/foxy/lib/x86_64-linux-gnu:/opt/ros/foxy/lib PYTHONPATH=/home/prl/track_robot_ws/install/bunker_msgs/lib/python3.8/site-packages:/home/prl/track_robot_ws/build/track_robot_teleop:/home/prl/track_robot_ws/install/track_robot_teleop/lib/python3.8/site-packages:/home/prl/track_robot_ws/install/rslidar_msg/lib/python3.8/site-packages:/opt/ros/foxy/lib/python3.8/site-packages /usr/bin/cmake --install /home/prl/track_robot_ws/build/bunker_base
[19.110s] Level 1:colcon.colcon_core.environment:create_environment_scripts_only(bunker_base)
[19.110s] Level 1:colcon.colcon_core.environment:checking '/home/prl/track_robot_ws/install/bunker_base' for CMake module files
[19.111s] DEBUG:colcon.colcon_core.event_handler.log_command:Invoked command in '/home/prl/track_robot_ws/build/bunker_base' returned '0': CMAKE_PREFIX_PATH=/home/prl/track_robot_ws/install/track_robot_teleop:/opt/ros/foxy:/home/prl/track_robot_ws/install/ugv_sdk:/home/prl/track_robot_ws/install/bunker_msgs:/home/prl/track_robot_ws/install/bunker_base:/home/prl/track_robot_ws/install/track_robot_control:/home/prl/track_robot_ws/install/track_robot_interfaces:/home/prl/track_robot_ws/install/track_robot_drivers:/home/prl/track_robot_ws/install/track_robot_core:/home/prl/track_robot_ws/install/track_robot_bringup:/home/prl/track_robot_ws/install/rslidar_sdk:/home/prl/track_robot_ws/install/rslidar_msg LD_LIBRARY_PATH=/home/prl/track_robot_ws/install/bunker_msgs/lib:/home/prl/track_robot_ws/install/rslidar_msg/lib:/opt/ros/foxy/opt/yaml_cpp_vendor/lib:/opt/ros/foxy/opt/rviz_ogre_vendor/lib:/opt/ros/foxy/lib/x86_64-linux-gnu:/opt/ros/foxy/lib PYTHONPATH=/home/prl/track_robot_ws/install/bunker_msgs/lib/python3.8/site-packages:/home/prl/track_robot_ws/build/track_robot_teleop:/home/prl/track_robot_ws/install/track_robot_teleop/lib/python3.8/site-packages:/home/prl/track_robot_ws/install/rslidar_msg/lib/python3.8/site-packages:/opt/ros/foxy/lib/python3.8/site-packages /usr/bin/cmake --install /home/prl/track_robot_ws/build/bunker_base
[19.111s] Level 1:colcon.colcon_core.environment:checking '/home/prl/track_robot_ws/install/bunker_base' for CMake config files
[19.111s] Level 1:colcon.colcon_core.shell:create_environment_hook('bunker_base', 'cmake_prefix_path')
[19.112s] INFO:colcon.colcon_core.shell:Creating environment hook '/home/prl/track_robot_ws/install/bunker_base/share/bunker_base/hook/cmake_prefix_path.ps1'
[19.112s] INFO:colcon.colcon_core.shell:Creating environment descriptor '/home/prl/track_robot_ws/install/bunker_base/share/bunker_base/hook/cmake_prefix_path.dsv'
[19.112s] INFO:colcon.colcon_core.shell:Creating environment hook '/home/prl/track_robot_ws/install/bunker_base/share/bunker_base/hook/cmake_prefix_path.sh'
[19.113s] Level 1:colcon.colcon_core.environment:checking '/home/prl/track_robot_ws/install/bunker_base/lib'
[19.113s] Level 1:colcon.colcon_core.environment:checking '/home/prl/track_robot_ws/install/bunker_base/bin'
[19.113s] Level 1:colcon.colcon_core.environment:checking '/home/prl/track_robot_ws/install/bunker_base/lib/pkgconfig/bunker_base.pc'
[19.113s] Level 1:colcon.colcon_core.environment:checking '/home/prl/track_robot_ws/install/bunker_base/lib/python3.8/site-packages'
[19.113s] Level 1:colcon.colcon_core.environment:checking '/home/prl/track_robot_ws/install/bunker_base/bin'
[19.113s] INFO:colcon.colcon_core.shell:Creating package script '/home/prl/track_robot_ws/install/bunker_base/share/bunker_base/package.ps1'
[19.114s] INFO:colcon.colcon_core.shell:Creating package descriptor '/home/prl/track_robot_ws/install/bunker_base/share/bunker_base/package.dsv'
[19.114s] INFO:colcon.colcon_core.shell:Creating package script '/home/prl/track_robot_ws/install/bunker_base/share/bunker_base/package.sh'
[19.114s] INFO:colcon.colcon_core.shell:Creating package script '/home/prl/track_robot_ws/install/bunker_base/share/bunker_base/package.bash'
[19.115s] INFO:colcon.colcon_core.shell:Creating package script '/home/prl/track_robot_ws/install/bunker_base/share/bunker_base/package.zsh'
[19.115s] Level 1:colcon.colcon_core.environment:create_file_with_runtime_dependencies(/home/prl/track_robot_ws/install/bunker_base/share/colcon-core/packages/bunker_base)
[19.116s] Level 1:colcon.colcon_core.environment:create_environment_scripts_only(bunker_base)
[19.116s] Level 1:colcon.colcon_core.environment:checking '/home/prl/track_robot_ws/install/bunker_base' for CMake module files
[19.116s] Level 1:colcon.colcon_core.environment:checking '/home/prl/track_robot_ws/install/bunker_base' for CMake config files
[19.116s] Level 1:colcon.colcon_core.shell:create_environment_hook('bunker_base', 'cmake_prefix_path')
[19.116s] INFO:colcon.colcon_core.shell:Creating environment hook '/home/prl/track_robot_ws/install/bunker_base/share/bunker_base/hook/cmake_prefix_path.ps1'
[19.117s] INFO:colcon.colcon_core.shell:Creating environment descriptor '/home/prl/track_robot_ws/install/bunker_base/share/bunker_base/hook/cmake_prefix_path.dsv'
[19.117s] INFO:colcon.colcon_core.shell:Creating environment hook '/home/prl/track_robot_ws/install/bunker_base/share/bunker_base/hook/cmake_prefix_path.sh'
[19.118s] Level 1:colcon.colcon_core.environment:checking '/home/prl/track_robot_ws/install/bunker_base/lib'
[19.118s] Level 1:colcon.colcon_core.environment:checking '/home/prl/track_robot_ws/install/bunker_base/bin'
[19.118s] Level 1:colcon.colcon_core.environment:checking '/home/prl/track_robot_ws/install/bunker_base/lib/pkgconfig/bunker_base.pc'
[19.118s] Level 1:colcon.colcon_core.environment:checking '/home/prl/track_robot_ws/install/bunker_base/lib/python3.8/site-packages'
[19.118s] Level 1:colcon.colcon_core.environment:checking '/home/prl/track_robot_ws/install/bunker_base/bin'
[19.119s] INFO:colcon.colcon_core.shell:Creating package script '/home/prl/track_robot_ws/install/bunker_base/share/bunker_base/package.ps1'
[19.119s] INFO:colcon.colcon_core.shell:Creating package descriptor '/home/prl/track_robot_ws/install/bunker_base/share/bunker_base/package.dsv'
[19.120s] INFO:colcon.colcon_core.shell:Creating package script '/home/prl/track_robot_ws/install/bunker_base/share/bunker_base/package.sh'
[19.120s] INFO:colcon.colcon_core.shell:Creating package script '/home/prl/track_robot_ws/install/bunker_base/share/bunker_base/package.bash'
[19.120s] INFO:colcon.colcon_core.shell:Creating package script '/home/prl/track_robot_ws/install/bunker_base/share/bunker_base/package.zsh'
[19.121s] Level 1:colcon.colcon_core.environment:create_file_with_runtime_dependencies(/home/prl/track_robot_ws/install/bunker_base/share/colcon-core/packages/bunker_base)
[24.564s] DEBUG:colcon.colcon_core.event_handler.log_command:Invoked command in '/home/prl/track_robot_ws/build/rslidar_sdk' returned '0': CMAKE_PREFIX_PATH=/home/prl/track_robot_ws/install/rslidar_msg:/home/prl/track_robot_ws/install/bunker_base:/home/prl/track_robot_ws/install/ugv_sdk:/home/prl/track_robot_ws/install/track_robot_control:/home/prl/track_robot_ws/install/track_robot_interfaces:/home/prl/track_robot_ws/install/track_robot_drivers:/home/prl/track_robot_ws/install/track_robot_core:/home/prl/track_robot_ws/install/track_robot_bringup:/home/prl/track_robot_ws/install/rslidar_sdk:/home/prl/track_robot_ws/install/bunker_msgs:/home/prl/track_robot_ws/install/track_robot_teleop:/opt/ros/foxy PYTHONPATH=/home/prl/track_robot_ws/install/rslidar_msg/lib/python3.8/site-packages:/home/prl/track_robot_ws/build/track_robot_teleop:/home/prl/track_robot_ws/install/track_robot_teleop/lib/python3.8/site-packages:/home/prl/track_robot_ws/install/bunker_msgs/lib/python3.8/site-packages:/opt/ros/foxy/lib/python3.8/site-packages /usr/bin/cmake --build /home/prl/track_robot_ws/build/rslidar_sdk -- -j16 -l16
[24.565s] DEBUG:colcon.colcon_core.event_handler.log_command:Invoking command in '/home/prl/track_robot_ws/build/rslidar_sdk': CMAKE_PREFIX_PATH=/home/prl/track_robot_ws/install/rslidar_msg:/home/prl/track_robot_ws/install/bunker_base:/home/prl/track_robot_ws/install/ugv_sdk:/home/prl/track_robot_ws/install/track_robot_control:/home/prl/track_robot_ws/install/track_robot_interfaces:/home/prl/track_robot_ws/install/track_robot_drivers:/home/prl/track_robot_ws/install/track_robot_core:/home/prl/track_robot_ws/install/track_robot_bringup:/home/prl/track_robot_ws/install/rslidar_sdk:/home/prl/track_robot_ws/install/bunker_msgs:/home/prl/track_robot_ws/install/track_robot_teleop:/opt/ros/foxy PYTHONPATH=/home/prl/track_robot_ws/install/rslidar_msg/lib/python3.8/site-packages:/home/prl/track_robot_ws/build/track_robot_teleop:/home/prl/track_robot_ws/install/track_robot_teleop/lib/python3.8/site-packages:/home/prl/track_robot_ws/install/bunker_msgs/lib/python3.8/site-packages:/opt/ros/foxy/lib/python3.8/site-packages /usr/bin/cmake --install /home/prl/track_robot_ws/build/rslidar_sdk
[24.753s] Level 1:colcon.colcon_core.environment:create_environment_scripts_only(rslidar_sdk)
[24.753s] Level 1:colcon.colcon_core.environment:checking '/home/prl/track_robot_ws/install/rslidar_sdk' for CMake module files
[24.754s] DEBUG:colcon.colcon_core.event_handler.log_command:Invoked command in '/home/prl/track_robot_ws/build/rslidar_sdk' returned '0': CMAKE_PREFIX_PATH=/home/prl/track_robot_ws/install/rslidar_msg:/home/prl/track_robot_ws/install/bunker_base:/home/prl/track_robot_ws/install/ugv_sdk:/home/prl/track_robot_ws/install/track_robot_control:/home/prl/track_robot_ws/install/track_robot_interfaces:/home/prl/track_robot_ws/install/track_robot_drivers:/home/prl/track_robot_ws/install/track_robot_core:/home/prl/track_robot_ws/install/track_robot_bringup:/home/prl/track_robot_ws/install/rslidar_sdk:/home/prl/track_robot_ws/install/bunker_msgs:/home/prl/track_robot_ws/install/track_robot_teleop:/opt/ros/foxy PYTHONPATH=/home/prl/track_robot_ws/install/rslidar_msg/lib/python3.8/site-packages:/home/prl/track_robot_ws/build/track_robot_teleop:/home/prl/track_robot_ws/install/track_robot_teleop/lib/python3.8/site-packages:/home/prl/track_robot_ws/install/bunker_msgs/lib/python3.8/site-packages:/opt/ros/foxy/lib/python3.8/site-packages /usr/bin/cmake --install /home/prl/track_robot_ws/build/rslidar_sdk
[24.754s] Level 1:colcon.colcon_core.environment:checking '/home/prl/track_robot_ws/install/rslidar_sdk' for CMake config files
[24.755s] Level 1:colcon.colcon_core.shell:create_environment_hook('rslidar_sdk', 'cmake_prefix_path')
[24.755s] INFO:colcon.colcon_core.shell:Creating environment hook '/home/prl/track_robot_ws/install/rslidar_sdk/share/rslidar_sdk/hook/cmake_prefix_path.ps1'
[24.756s] INFO:colcon.colcon_core.shell:Creating environment descriptor '/home/prl/track_robot_ws/install/rslidar_sdk/share/rslidar_sdk/hook/cmake_prefix_path.dsv'
[24.756s] INFO:colcon.colcon_core.shell:Creating environment hook '/home/prl/track_robot_ws/install/rslidar_sdk/share/rslidar_sdk/hook/cmake_prefix_path.sh'
[24.757s] Level 1:colcon.colcon_core.environment:checking '/home/prl/track_robot_ws/install/rslidar_sdk/lib'
[24.757s] Level 1:colcon.colcon_core.environment:checking '/home/prl/track_robot_ws/install/rslidar_sdk/bin'
[24.757s] Level 1:colcon.colcon_core.environment:checking '/home/prl/track_robot_ws/install/rslidar_sdk/lib/pkgconfig/rslidar_sdk.pc'
[24.757s] Level 1:colcon.colcon_core.environment:checking '/home/prl/track_robot_ws/install/rslidar_sdk/lib/python3.8/site-packages'
[24.757s] Level 1:colcon.colcon_core.environment:checking '/home/prl/track_robot_ws/install/rslidar_sdk/bin'
[24.758s] INFO:colcon.colcon_core.shell:Creating package script '/home/prl/track_robot_ws/install/rslidar_sdk/share/rslidar_sdk/package.ps1'
[24.758s] INFO:colcon.colcon_core.shell:Creating package descriptor '/home/prl/track_robot_ws/install/rslidar_sdk/share/rslidar_sdk/package.dsv'
[24.759s] INFO:colcon.colcon_core.shell:Creating package script '/home/prl/track_robot_ws/install/rslidar_sdk/share/rslidar_sdk/package.sh'
[24.759s] INFO:colcon.colcon_core.shell:Creating package script '/home/prl/track_robot_ws/install/rslidar_sdk/share/rslidar_sdk/package.bash'
[24.760s] INFO:colcon.colcon_core.shell:Creating package script '/home/prl/track_robot_ws/install/rslidar_sdk/share/rslidar_sdk/package.zsh'
[24.760s] Level 1:colcon.colcon_core.environment:create_file_with_runtime_dependencies(/home/prl/track_robot_ws/install/rslidar_sdk/share/colcon-core/packages/rslidar_sdk)
[24.761s] Level 1:colcon.colcon_core.environment:create_environment_scripts_only(rslidar_sdk)
[24.761s] Level 1:colcon.colcon_core.environment:checking '/home/prl/track_robot_ws/install/rslidar_sdk' for CMake module files
[24.762s] Level 1:colcon.colcon_core.environment:checking '/home/prl/track_robot_ws/install/rslidar_sdk' for CMake config files
[24.762s] Level 1:colcon.colcon_core.shell:create_environment_hook('rslidar_sdk', 'cmake_prefix_path')
[24.762s] INFO:colcon.colcon_core.shell:Creating environment hook '/home/prl/track_robot_ws/install/rslidar_sdk/share/rslidar_sdk/hook/cmake_prefix_path.ps1'
[24.763s] INFO:colcon.colcon_core.shell:Creating environment descriptor '/home/prl/track_robot_ws/install/rslidar_sdk/share/rslidar_sdk/hook/cmake_prefix_path.dsv'
[24.763s] INFO:colcon.colcon_core.shell:Creating environment hook '/home/prl/track_robot_ws/install/rslidar_sdk/share/rslidar_sdk/hook/cmake_prefix_path.sh'
[24.764s] Level 1:colcon.colcon_core.environment:checking '/home/prl/track_robot_ws/install/rslidar_sdk/lib'
[24.764s] Level 1:colcon.colcon_core.environment:checking '/home/prl/track_robot_ws/install/rslidar_sdk/bin'
[24.764s] Level 1:colcon.colcon_core.environment:checking '/home/prl/track_robot_ws/install/rslidar_sdk/lib/pkgconfig/rslidar_sdk.pc'
[24.764s] Level 1:colcon.colcon_core.environment:checking '/home/prl/track_robot_ws/install/rslidar_sdk/lib/python3.8/site-packages'
[24.764s] Level 1:colcon.colcon_core.environment:checking '/home/prl/track_robot_ws/install/rslidar_sdk/bin'
[24.765s] INFO:colcon.colcon_core.shell:Creating package script '/home/prl/track_robot_ws/install/rslidar_sdk/share/rslidar_sdk/package.ps1'
[24.765s] INFO:colcon.colcon_core.shell:Creating package descriptor '/home/prl/track_robot_ws/install/rslidar_sdk/share/rslidar_sdk/package.dsv'
[24.766s] INFO:colcon.colcon_core.shell:Creating package script '/home/prl/track_robot_ws/install/rslidar_sdk/share/rslidar_sdk/package.sh'
[24.766s] INFO:colcon.colcon_core.shell:Creating package script '/home/prl/track_robot_ws/install/rslidar_sdk/share/rslidar_sdk/package.bash'
[24.767s] INFO:colcon.colcon_core.shell:Creating package script '/home/prl/track_robot_ws/install/rslidar_sdk/share/rslidar_sdk/package.zsh'
[24.768s] Level 1:colcon.colcon_core.environment:create_file_with_runtime_dependencies(/home/prl/track_robot_ws/install/rslidar_sdk/share/colcon-core/packages/rslidar_sdk)
[24.768s] DEBUG:colcon.colcon_parallel_executor.executor.parallel:closing loop
[24.768s] DEBUG:colcon.colcon_parallel_executor.executor.parallel:loop closed
[24.768s] DEBUG:colcon.colcon_parallel_executor.executor.parallel:run_until_complete finished with '0'
[24.769s] DEBUG:colcon.colcon_core.event_reactor:joining thread
[24.776s] INFO:colcon.colcon_core.plugin_system:Skipping extension 'colcon_notification.desktop_notification.terminal_notifier': Not used on non-Darwin systems
[24.776s] INFO:colcon.colcon_core.plugin_system:Skipping extension 'colcon_notification.desktop_notification.win32': Not used on non-Windows systems
[24.776s] INFO:colcon.colcon_notification.desktop_notification:Sending desktop notification using 'notify2'
[24.791s] DEBUG:colcon.colcon_core.event_reactor:joined thread
[24.792s] INFO:colcon.colcon_core.shell:Creating prefix script '/home/prl/track_robot_ws/install/local_setup.ps1'
[24.793s] INFO:colcon.colcon_core.shell:Creating prefix util module '/home/prl/track_robot_ws/install/_local_setup_util_ps1.py'
[24.794s] INFO:colcon.colcon_core.shell:Creating prefix chain script '/home/prl/track_robot_ws/install/setup.ps1'
[24.796s] INFO:colcon.colcon_core.shell:Creating prefix script '/home/prl/track_robot_ws/install/local_setup.sh'
[24.796s] INFO:colcon.colcon_core.shell:Creating prefix util module '/home/prl/track_robot_ws/install/_local_setup_util_sh.py'
[24.797s] INFO:colcon.colcon_core.shell:Creating prefix chain script '/home/prl/track_robot_ws/install/setup.sh'
[24.799s] INFO:colcon.colcon_core.shell:Creating prefix script '/home/prl/track_robot_ws/install/local_setup.bash'
[24.799s] INFO:colcon.colcon_core.shell:Creating prefix chain script '/home/prl/track_robot_ws/install/setup.bash'
[24.801s] INFO:colcon.colcon_core.shell:Creating prefix script '/home/prl/track_robot_ws/install/local_setup.zsh'
[24.801s] INFO:colcon.colcon_core.shell:Creating prefix chain script '/home/prl/track_robot_ws/install/setup.zsh'
